Title,Price,Link,Image Link
New ListingiPhone 11 With Tik Tok Installed ,$400.00,https://www.ebay.com/itm/167269146017,https://i.ebayimg.com/images/g/RT0AAOSwtb9nkZgs/s-l500.jpg
New ListingiPhone 14 Pro Max Purple W/TikTok,$300.00,https://www.ebay.com/itm/405496183631,https://i.ebayimg.com/images/g/z9IAAOSwBXpnkZde/s-l500.jpg
New ListingiPhone XS (HAS TIK TOK) for influencers/media,$200.00,https://www.ebay.com/itm/387850544091,https://i.ebayimg.com/images/g/M-oAAOSwww9nkZaR/s-l140.jpg
New ListingApple iPhone 14 Pro Max WITH TIKTOK APP DOWNLOADED - 256 GB - Gold (Unlocked),$250.00,https://www.ebay.com/itm/396143814039,https://i.ebayimg.com/images/g/U6MAAOSwj6dnkZcL/s-l140.jpg
New ListingApple iPhone 12 Pro With Tik Tok & Cap Cut - 256 GB - red,$400.00,https://www.ebay.com/itm/126897829682,https://i.ebayimg.com/images/g/qWcAAOSw1WtnkZXe/s-l140.jpg
New ListingApple iPhone 11 - 128 GB - Purple (Unlocked) with TIKTOK app installed.,$200.00,https://www.ebay.com/itm/356495234098,https://i.ebayimg.com/images/g/iYYAAOSws3tnkZQG/s-l140.jpg
New ListingTIK TOK INSTALLED iphone xr unlocked 64gb,$200.00,https://www.ebay.com/itm/396143773188,https://i.ebayimg.com/images/g/BoIAAOSwtmpnkZV1/s-l140.jpg
New ListingApple iPhone 13 Pro Max TIK TOK INSTALLED - 256 GB - Silver (Unlocked),$350.00,https://www.ebay.com/itm/405496157984,https://i.ebayimg.com/images/g/FQAAAOSwgQ5nkZTk/s-l140.jpg
New ListingApple iPhone 14 Pro Max - 128 GB - Purple (Unlocked),$299.00,https://www.ebay.com/itm/196964233431,https://i.ebayimg.com/images/g/8koAAOSwylFnkY-D/s-l140.jpg
New ListingApple iPhone XR - 256 GB - Orange (Unlocked),$300.00,https://www.ebay.com/itm/387850490906,https://i.ebayimg.com/images/g/GU4AAOSwUUVnkZKQ/s-l140.jpg
New Listing iPhone 14 Plus - TikTok Included 128 GB - Black (Unlocked) - FREE Shipping,$399.99,https://www.ebay.com/itm/405496138731,https://i.ebayimg.com/images/g/i-QAAOSwgb9nkY79/s-l140.jpg
New Listingiphone 15 pro max With Tik Tok unlocked. Great Condition.  256 GB,$250.00,https://www.ebay.com/itm/365358737652,https://i.ebayimg.com/images/g/ZeUAAOSwD59nkZAx/s-l140.jpg
New ListingApple iPhone 11 With TikTok Installed!,$200.00,https://www.ebay.com/itm/235925906012,https://i.ebayimg.com/images/g/SUMAAOSwYNdnkY7Q/s-l140.jpg
New ListingApple iPhone XR - 128 GB - Black Gray (Unlocked) with TikTok,$300.00,https://www.ebay.com/itm/226560472045,https://i.ebayimg.com/images/g/ghQAAOSweA5nkY3M/s-l140.jpg
New Listingiphone 15 pro max 512gb verizon With Tik Tok Installed,$350.00,https://www.ebay.com/itm/316152875871,https://i.ebayimg.com/images/g/9mEAAOSwfN5nkY4r/s-l140.jpg
New ListingApple iPhone 12 Pro - 128 GB - Graphite (Unlocked) (A2341) (CDMA + GSM),$249.00,https://www.ebay.com/itm/196963175814,https://i.ebayimg.com/images/g/ytcAAOSwBdVnkPv-/s-l140.jpg
New ListingIphone 13 Pink 128gb - Used - Tiktok App Included,$400.00,https://www.ebay.com/itm/375943128708,https://i.ebayimg.com/images/g/12YAAOSwHiVnkYxJ/s-l140.jpg
New Listing(Tik Tok) Apple iPhone 13 Pro Max - 256 GB - Gray (AT&T),$300.00,https://www.ebay.com/itm/387850420637,https://i.ebayimg.com/images/g/7FMAAOSwylFnkYyj/s-l140.jpg
New ListingApple iPhone 11 - 128 GB - Black Gray (Unlocked),$200.00,https://www.ebay.com/itm/365358696716,https://i.ebayimg.com/images/g/o1kAAOSwnWFnkYtT/s-l140.jpg
New ListingApple iPhone 15 Pro Max With TikTok Installed - 1 TB - White (AT&T),$400.00,https://www.ebay.com/itm/316152838342,https://i.ebayimg.com/images/g/IyMAAOSw6g1nkYhP/s-l140.jpg
New ListingApple iPhone 13 - 128 GB - Black (Unlocked) (A2482) (CDMA + GSM),$299.00,https://www.ebay.com/itm/196963160370,https://i.ebayimg.com/images/g/G2MAAOSwLiJnkPqV/s-l140.jpg
New ListingiPhone 11 Con Tik Tok ,$300.00,https://www.ebay.com/itm/196964173668,https://i.ebayimg.com/images/g/c6QAAOSwauhnkYm-/s-l140.jpg
New ListingiPhone 14 AT&T iPhone XR Used With TilkTok Installed Fully Functional. ,$200.00,https://www.ebay.com/itm/356495069244,https://i.ebayimg.com/images/g/5TMAAOSwfi1nkYcQ/s-l140.jpg
New ListingIPhone 14 Pro Max with TIKTOK INSTALLED ON PHONE,$400.00,https://www.ebay.com/itm/226560438677,https://i.ebayimg.com/images/g/m3IAAOSwH8BnkYgb/s-l140.jpg
New ListingApple iPhone 14 Plus - 128 GB - Purple (Unlocked),$250.00,https://www.ebay.com/itm/205240271754,https://i.ebayimg.com/images/g/qj4AAOSw0ZVnkYem/s-l140.jpg
New ListingiPhone 14 ,$300.00,https://www.ebay.com/itm/226560429641,https://i.ebayimg.com/images/g/QtoAAOSwewVnkYdS/s-l140.jpg
New ListingApple iPhone 12 Pro - 128 GB - Blue (Unlocked),$300.00,https://www.ebay.com/itm/356495010621,https://i.ebayimg.com/images/g/WhYAAOSwhwtnkYYG/s-l140.jpg
New ListingiPhone 14 ,$350.00,https://www.ebay.com/itm/396143586778,https://i.ebayimg.com/images/g/0GcAAOSwFpVnkYZp/s-l140.jpg
New ListingiPhone 13 Boost Mobile With Tic Too,$250.00,https://www.ebay.com/itm/365358628993,https://i.ebayimg.com/images/g/X2oAAOSw~z1nkYVr/s-l140.jpg
New ListingiPhone 14 Pro Blocked With TikTok ,$200.00,https://www.ebay.com/itm/375943076131,https://i.ebayimg.com/images/g/-aEAAOSw3ORnkXte/s-l140.jpg
New ListingiPhone 14 Plus WITH TIK TOK,$400.00,https://www.ebay.com/itm/167268984062,https://i.ebayimg.com/images/g/2M0AAOSwNXNnkYTY/s-l140.jpg
New ListingiPhone 12 Straight Talk With TikTok App,$295.00,https://www.ebay.com/itm/205240225887,https://i.ebayimg.com/images/g/l30AAOSwx7RnkYKm/s-l140.jpg
New ListingiPhone With TikTok,$200.00,https://www.ebay.com/itm/135512716447,https://i.ebayimg.com/images/g/SMMAAOSw0OBnkYGE/s-l140.jpg
New Listing(DEFECTIVE) Apple iPhone 15 Pro - 512 GB - White (Unlocked),$200.00,https://www.ebay.com/itm/286278435781,https://i.ebayimg.com/images/g/dTIAAOSwCpNnkYFz/s-l140.jpg
New ListingiPhone 11pro Max With Tick Tock,$250.00,https://www.ebay.com/itm/146346675808,https://i.ebayimg.com/images/g/2j4AAOSwyhpnkYCi/s-l140.jpg
New ListingiPhone with TIKTOK,$300.00,https://www.ebay.com/itm/375943059689,https://i.ebayimg.com/images/g/d1UAAOSwzHVnkYAj/s-l140.jpg
New ListingTikok Installed On Iphone 11 Pro,$250.00,https://www.ebay.com/itm/396143546958,https://i.ebayimg.com/images/g/MpoAAOSwewVnkYBx/s-l140.jpg
New ListingIphone 14 Pro With Tiktok On It ,$250.00,https://www.ebay.com/itm/296958870177,https://i.ebayimg.com/images/g/SxYAAOSw1dRnkX-Z/s-l140.jpg
New ListingApple iPhone 11 - 128 GB-Red (Unlocked) with TikTok already installed ,$200.00,https://www.ebay.com/itm/375943046189,https://i.ebayimg.com/images/g/fbsAAOSwvXVnkX34/s-l140.jpg
New ListingApple iPhone 13 - 256 GB - Green (Spectrum),$300.00,https://www.ebay.com/itm/316152714808,https://i.ebayimg.com/images/g/whYAAOSw80tnkX4v/s-l140.jpg
New ListingiPhone 16 Plus TikTok Installed,$400.00,https://www.ebay.com/itm/167268956299,https://i.ebayimg.com/images/g/zMoAAOSwJLRnkX1a/s-l140.jpg
New ListingiPhone 16 Plus TikTok Installed,$400.00,https://www.ebay.com/itm/167268954607,https://i.ebayimg.com/images/g/zMoAAOSwJLRnkX1a/s-l140.jpg
"New ListingiPhone 11 Pro Max Unlocked, Screen Just Needs To Be Fixed TIK TOK Works Perfect!",$400.00,https://www.ebay.com/itm/176802638605,https://i.ebayimg.com/images/g/JnQAAOSwewVnkXth/s-l140.jpg
New ListingApple iPhone 11 Pro Max - 64 GB - Gold (Unlocked),$300.00,https://www.ebay.com/itm/135512693311,https://i.ebayimg.com/images/g/AAOSwrm1nkXsq/s-l140.jpg
New ListingApple iPhone 13 Pro Max - 256 GB - Gray (Unlocked),$399.00,https://www.ebay.com/itm/156650464200,https://i.ebayimg.com/images/g/YQ8AAOSwh9JnkXtO/s-l140.jpg
New ListingApple iPhone 11 - 128 GB - Green (Unlocked),$300.00,https://www.ebay.com/itm/135512684019,https://i.ebayimg.com/images/g/mE0AAOSwFohnkXpn/s-l140.jpg
New ListingApple iPhone 12 - 64 GB - Black Gray (Unlocked),$200.00,https://www.ebay.com/itm/316152688790,https://i.ebayimg.com/images/g/9PMAAOSwLfdnkXmQ/s-l140.jpg
New Listingiphone 14 plus 128gb unlocked used,$380.00,https://www.ebay.com/itm/396143516285,https://i.ebayimg.com/images/g/38oAAOSwyphnkUzM/s-l140.jpg
New Listingiphone se 2022 unlocked With TikTok And CapCut!!!,$400.00,https://www.ebay.com/itm/126897617211,https://i.ebayimg.com/images/g/HokAAOSwKXdnkXcQ/s-l140.jpg
New ListingApple iPhone 13 - 128 GB - Black (Unlocked),$300.00,https://www.ebay.com/itm/146346621365,https://i.ebayimg.com/images/g/H0wAAOSwvZNnkXcu/s-l140.jpg
New ListingApple iPhone 11 Pro Max A2161 512 GB Unlocked Fair Condition Clean IMEI ,$249.98,https://www.ebay.com/itm/226560361856,https://i.ebayimg.com/images/g/zW8AAOSwM0FnkXfb/s-l140.jpg
New ListingApple iPhone 8 - 64 GB  Gold WITH TIK TOK,$300.00,https://www.ebay.com/itm/196964049024,https://i.ebayimg.com/images/g/sRAAAOSwylFnkXWW/s-l140.jpg
New ListingIphone 11 TikTok App,$300.00,https://www.ebay.com/itm/387850202068,https://i.ebayimg.com/images/g/ujAAAOSwfi1nkXSm/s-l140.jpg
New ListingApple iPhone 16 - 128 GB - White (Unlocked),$225.00,https://www.ebay.com/itm/365358552732,https://i.ebayimg.com/images/g/JbUAAOSws9NnkXN0/s-l140.jpg
New ListingApple iPhone 12 - 64 GB - Red (Unlocked),$400.00,https://www.ebay.com/itm/375942995148,https://i.ebayimg.com/images/g/NBYAAOSwTgFnkXNO/s-l140.jpg
New ListingiPhone 12 With TikTok Barley Used. With New Box.,$300.00,https://www.ebay.com/itm/126897598136,https://i.ebayimg.com/images/g/Ce8AAOSwvClnkXG6/s-l140.jpg
New ListingApple iPhone 14 Pro Max - 128 GB - Gold (Verizon),$400.00,https://www.ebay.com/itm/186908300855,https://i.ebayimg.com/images/g/--4AAOSweYRnkXBM/s-l140.jpg
New ListingIPHONE SE 2ND GEN WITH TIKTOK,$200.00,https://www.ebay.com/itm/387850174702,https://i.ebayimg.com/images/g/vbMAAOSwVC1nkXCN/s-l140.jpg
New ListingApple iPhone 11 with Tik Tok installed,$250.00,https://www.ebay.com/itm/146346589032,https://i.ebayimg.com/images/g/H0EAAOSwOi9nkXAu/s-l140.jpg
New ListingI Phone 13 Pro Max ,$300.00,https://www.ebay.com/itm/196964012813,https://i.ebayimg.com/images/g/wQ0AAOSwBFNnkW5-/s-l140.jpg
New ListingiPhone 12 mini Unlocked With TikTok,$225.00,https://www.ebay.com/itm/356494839829,https://i.ebayimg.com/images/g/pc4AAOSwIIJnkW8~/s-l140.jpg
New ListingApple iPhone 14 - 128 GB - Black (T-Mobile),$200.00,https://www.ebay.com/itm/156650413090,https://i.ebayimg.com/images/g/1eQAAOSwF3tnkW8z/s-l140.jpg
New ListingiPhone 13 Pro Max w/TIKTOK ðŸ˜Ž,$400.00,https://www.ebay.com/itm/396143461932,https://i.ebayimg.com/images/g/wEwAAOSwUUVnkW5e/s-l140.jpg
New Listing(TIK KOK INSTALLED) Apple iPhone 13 Pro Max (unlocked),$250.00,https://www.ebay.com/itm/167268872691,https://i.ebayimg.com/images/g/3Z0AAOSwsdtnkW0Z/s-l140.jpg
New ListingApple iPhone 12 - 64 GB - Black Gray (Unlocked) TIKTOK installed ,$200.00,https://www.ebay.com/itm/405495934023,https://i.ebayimg.com/images/g/z8AAAOSw7mRnkWyd/s-l140.jpg
"New ListingApple iPhone 13 Mini, 128gb - Installed with TikTok and CapCut",$400.00,https://www.ebay.com/itm/176802573345,https://i.ebayimg.com/images/g/gS0AAOSwMjhnkW5L/s-l140.jpg
New Listing*Tik Tok INSTALLED* iphone xr unlocked,$200.00,https://www.ebay.com/itm/167268910899,https://i.ebayimg.com/images/g/wpIAAOSwmLFnkW0h/s-l140.jpg
New ListingApple iPhone 15 Plus - 128 GB - Blue (T-Mobile)With Tiktok app,$300.00,https://www.ebay.com/itm/365358302449,https://i.ebayimg.com/images/g/f10AAOSwi8tnkUvl/s-l140.jpg
New ListingiPhone Unlocked XS Max,$200.00,https://www.ebay.com/itm/286278330216,https://i.ebayimg.com/images/g/V~sAAOSwFzFnkWbF/s-l140.jpg
New ListingApple iPhone 12 - 64 GB - Black Gray (Unlocked),$349.99,https://www.ebay.com/itm/356494779989,https://i.ebayimg.com/images/g/gUQAAOSwXFhnkV~T/s-l140.jpg
New ListingApple iPhone 12 Pro - TIKTOK APP INSTALLED,$350.00,https://www.ebay.com/itm/306058193398,https://i.ebayimg.com/images/g/MHYAAOSwwXpnkWas/s-l140.jpg
New ListingTik tok installed on iphone,$300.00,https://www.ebay.com/itm/286278306696,https://i.ebayimg.com/images/g/0BIAAOSwyKhnkWQf/s-l140.jpg
New ListingIPhone 14 Plus Unlocked,$370.00,https://www.ebay.com/itm/316152576985,https://i.ebayimg.com/images/g/-DsAAOSwaRVnkWYR/s-l140.jpg
"New ListingiPhone 12 Pro, Tik Tok Downloaded ",$400.00,https://www.ebay.com/itm/316152572838,https://i.ebayimg.com/images/g/eJwAAOSwm8JnkWXr/s-l140.jpg
New ListingApple iPhone 11 Pro - 512 GB - Gray (Metro),$219.48,https://www.ebay.com/itm/205240073356,https://i.ebayimg.com/images/g/m4UAAOSw3E1nkWPx/s-l140.jpg
"New ListingApple iPhone 12 - 64 GB - Black Gray (Unlocked) Had TikTok installed & capcut , ",$300.00,https://www.ebay.com/itm/387850038771,https://i.ebayimg.com/images/g/HZcAAOSwMf5nkWVh/s-l140.jpg
New ListingApple iPhone 16 Pro Max - 256 GB - Gold  (Unlocked) with Tik tok downloaded,$238.31,https://www.ebay.com/itm/286278309321,https://i.ebayimg.com/images/g/~4kAAOSwDuNnkWUv/s-l140.jpg
New ListingApple iPhone 15 - 128 GB - Black (Unlocked) TikTok installed ,$300.00,https://www.ebay.com/itm/387850002763,https://i.ebayimg.com/images/g/TSkAAOSwHSdnkWKQ/s-l140.jpg
New Listingiphone XS with tiktok installed ,$220.00,https://www.ebay.com/itm/296958659003,https://i.ebayimg.com/images/g/t0kAAOSwv8tnkWFY/s-l140.jpg
New ListingApple iPhone 14 Pro - 256GB - Unlocked (Read Description),$321.00,https://www.ebay.com/itm/286278255674,https://i.ebayimg.com/images/g/5HEAAOSw4ddnkV64/s-l140.jpg
New ListingApple iPhone 14 Pro Max - 256GB - Unlocked (Read Description),$325.00,https://www.ebay.com/itm/276826497087,https://i.ebayimg.com/images/g/RoIAAOSwKi9nkV6X/s-l140.jpg
New ListingApple iPhone 13 Pro - 256GB - Unlocked (Read Description),$236.50,https://www.ebay.com/itm/286278252967,https://i.ebayimg.com/images/g/lqQAAOSwUUVnkV5K/s-l140.jpg
New ListingApple iPhone 15 - 128 GB - Pink (Unlocked),$400.00,https://www.ebay.com/itm/286278277607,https://i.ebayimg.com/images/g/QnIAAOSwmChnkV~R/s-l140.jpg
New ListingApple iPhone 13 Pro Max - 128GB - Unlocked (Read Description),$300.00,https://www.ebay.com/itm/276826494391,https://i.ebayimg.com/images/g/WbIAAOSwHQBnkV0W/s-l140.jpg
New Listingiphone 15 pro max With Tic Tok Installed ,$232.50,https://www.ebay.com/itm/156650324791,https://i.ebayimg.com/images/g/ZLYAAOSwEHNnkV6z/s-l140.jpg
New ListingApple iPhone 15 Plus - 256 GB - Pink (Unlocked),$200.00,https://www.ebay.com/itm/226560236023,https://i.ebayimg.com/images/g/D2IAAOSw~XtnkVpc/s-l140.jpg
New ListingApple iPhone 14 Purple 128GB W/ TikTok Unlocked,$250.00,https://www.ebay.com/itm/405495838658,https://i.ebayimg.com/images/g/OFUAAOSwiClnkVwQ/s-l140.jpg
New ListingiPhone 7plus W/ TikTok,$330.00,https://www.ebay.com/itm/316152398671,https://i.ebayimg.com/images/g/hC0AAOSwDQlnkVU-/s-l140.jpg
New ListingiPhone 11 With TikTok Available ,$200.00,https://www.ebay.com/itm/316152425797,https://i.ebayimg.com/images/g/EJgAAOSwVBpnkVsE/s-l140.jpg
New ListingTik Tok,$300.00,https://www.ebay.com/itm/405495823541,https://i.ebayimg.com/images/g/2z4AAOSwkXdnkVfj/s-l140.jpg
New ListingApple iPhone XR - 64 GB - Blue (Unlocked),$300.00,https://www.ebay.com/itm/387849928167,https://i.ebayimg.com/images/g/T00AAOSwlJxnkVum/s-l140.jpg
New Listing11 with tik tok Just Looking For Trades Me & Daughter Need Phones ,$200.00,https://www.ebay.com/itm/396143359997,https://i.ebayimg.com/images/g/KJgAAOSwVtNnkVol/s-l140.jpg
New ListingTIKTOK INSTALLED Yellow Iphone 11.,$250.00,https://www.ebay.com/itm/387849910120,https://i.ebayimg.com/images/g/y5MAAOSwU6RnkVhu/s-l140.jpg
New ListingiPhone With TikTok ,$300.00,https://www.ebay.com/itm/186908203159,https://i.ebayimg.com/images/g/uKoAAOSwCCxnkVg4/s-l140.jpg
New ListingApple iPhone 13 Pro Max - 256 GB - Gold (Unlocked),$200.00,https://www.ebay.com/itm/286278221147,https://i.ebayimg.com/images/g/MUoAAOSwbmNnkVVp/s-l140.jpg
New ListingiPhone 7 W/ TikTok,$200.00,https://www.ebay.com/itm/316152404207,https://i.ebayimg.com/images/g/H7gAAOSwbP1nkVaP/s-l140.jpg
New ListingApple iPhone 11 - 128 GB - Black Gray (Unlocked) with TIKTOK,$200.00,https://www.ebay.com/itm/156650291188,https://i.ebayimg.com/images/g/AYIAAOSwVBpnkVVo/s-l140.jpg
New ListingApple iPhone SE (2022) - (Straight Talk) with tictok,$300.00,https://www.ebay.com/itm/405495815338,https://i.ebayimg.com/images/g/1N4AAOSwuUpnkVX7/s-l140.jpg
New ListingApple iPhone 13 Pro Max - 128 GB - Silver (T-Mobile),$250.00,https://www.ebay.com/itm/276826462849,https://i.ebayimg.com/images/g/gAIAAOSw2mpnkVVi/s-l140.jpg
New Listingiphone 14 pro unlocked,$300.00,https://www.ebay.com/itm/176802456277,https://i.ebayimg.com/images/g/e4oAAOSwyhpnkVP-/s-l140.jpg
New ListingiPhone XR with TikTok App available.,$400.00,https://www.ebay.com/itm/235925651042,https://i.ebayimg.com/images/g/zYEAAOSw9ZBnkU1u/s-l140.jpg
New ListingApple iPhone 15 Plus - 128 GB - Blue (T-Mobile)Tiktok installed,$300.00,https://www.ebay.com/itm/365358345677,https://i.ebayimg.com/images/g/Co4AAOSwzNtnkVA9/s-l140.jpg
New ListingiPhone 13 Pro- TikTok INSTALLED,$200.00,https://www.ebay.com/itm/186908179764,https://i.ebayimg.com/images/g/adsAAOSwc6xnkU~F/s-l140.jpg
New ListingiPhone 15 Max Pro ,$335.00,https://www.ebay.com/itm/296958535588,https://i.ebayimg.com/images/g/QNMAAOSwyolnkU9i/s-l140.jpg
New ListingIphone 14 with TikTok installed ,$300.00,https://www.ebay.com/itm/286278160737,https://i.ebayimg.com/images/g/Z~UAAOSwaKJnkUvN/s-l140.jpg
New ListingApple iPhone 13 - 128 GB - Black (Unlocked),$250.00,https://www.ebay.com/itm/387849745376,https://i.ebayimg.com/images/g/JVIAAOSwx7RnkUlm/s-l140.jpg
New ListingiPhone 15 128 Gb With TikTok Download iCloud,$400.00,https://www.ebay.com/itm/335780581850,https://i.ebayimg.com/images/g/O-AAAOSwc19nkUqP/s-l140.jpg
New Listingiphone 14 pro max 256gb WITH TIKTOK INSTALLED read description,$350.00,https://www.ebay.com/itm/156650225098,https://i.ebayimg.com/images/g/EHkAAOSwyAlnkU1d/s-l140.jpg
New ListingiPhone XR (Version 18.1.1)  With TikTok ,$250.00,https://www.ebay.com/itm/387849734412,https://i.ebayimg.com/images/g/blIAAOSwF3tnkUeJ/s-l140.jpg
New ListingIPHONE XS Max With Tik Tok 256GB,$250.00,https://www.ebay.com/itm/126897406901,https://i.ebayimg.com/images/g/k1IAAOSwK9NnkUS7/s-l140.jpg
New ListingApple iPhone 12 - 64 GB - Silver White (Unlocked),$250.00,https://www.ebay.com/itm/335780571773,https://i.ebayimg.com/images/g/dtYAAOSw5OtnkUhu/s-l140.jpg
New ListingApple iPhone 15 Pro Max - 256 GB - Beige (Unlocked),$224.25,https://www.ebay.com/itm/156650215901,https://i.ebayimg.com/images/g/aQQAAOSwF6ZnkUgM/s-l140.jpg
New ListingIphone 15 pro max Unlocked 1Tb with TikTok And CapCut Installed.,$236.00,https://www.ebay.com/itm/365358266233,https://i.ebayimg.com/images/g/al8AAOSwlb5nkUUQ/s-l140.jpg
New ListingApple iPhone 12 Pro Max - 256 GB - Gold (AT&T) WITH TIK TOK,$350.00,https://www.ebay.com/itm/135512435314,https://i.ebayimg.com/images/g/t7wAAOSwKAFnkUZs/s-l140.jpg
New ListingTikTok Apple iPhone 12 Pro Max - 128 GB - Gray (Unlocked),$350.00,https://www.ebay.com/itm/387849709275,https://i.ebayimg.com/images/g/bkQAAOSw6-RnkUUq/s-l140.jpg
New ListingiPhone SE With TikTok,$400.00,https://www.ebay.com/itm/387849707789,https://i.ebayimg.com/images/g/o9kAAOSwKXdnkUOe/s-l140.jpg
New ListingiPhone 16 Pro Unlocked With TikTok,$215.58,https://www.ebay.com/itm/405495707587,https://i.ebayimg.com/images/g/UnIAAOSwEMtnkUQc/s-l140.jpg
New ListingiPhone 14,$300.00,https://www.ebay.com/itm/387849699865,https://i.ebayimg.com/images/g/H80AAOSwF01nkUNF/s-l140.jpg
New ListingApple iPhone SE (2022) - 64 GB - Black (Unlocked),$250.00,https://www.ebay.com/itm/387849699803,https://i.ebayimg.com/images/g/DrMAAOSwbEJnkUK0/s-l140.jpg
New ListingiPhone 11 Pro Max - TikTok Installed - Working Condition,$300.00,https://www.ebay.com/itm/405495704732,https://i.ebayimg.com/images/g/2WUAAOSwfZRnkT~y/s-l140.jpg
New ListingiPhone 7 With TikTok And CapCut Downloaded,$200.00,https://www.ebay.com/itm/126897388898,https://i.ebayimg.com/images/g/Ok0AAOSwfi1nkUJ~/s-l140.jpg
New Listingiphone 12 with tiktok installed I DELIVER OR I WILL PERSONALLY BRING YOU THE PH,$300.00,https://www.ebay.com/itm/387849671369,https://i.ebayimg.com/images/g/mzcAAOSw26VnkUGQ/s-l140.jpg
New ListingApple iPhone 13 Pro With Tik Tok installed - 256 GB - Blue (Verizon),$200.00,https://www.ebay.com/itm/316152276771,https://i.ebayimg.com/images/g/kMkAAOSwnmRnkUDO/s-l140.jpg
New ListingIphone12 Max Pro With TikTok Installed,$200.00,https://www.ebay.com/itm/405495693309,https://i.ebayimg.com/images/g/WuwAAOSwbxRnkTth/s-l140.jpg
New ListingApple iPhone 11 - 64 GB - Black Gray (Unlocked) with TikTok,$300.00,https://www.ebay.com/itm/306057950037,https://i.ebayimg.com/images/g/KzkAAOSwMW9nkT3V/s-l140.jpg
New ListingTIKTOK iPhone 12 Pro Max 128GB UNLOCKED (TikTok pre-installed),$300.00,https://www.ebay.com/itm/186908101507,https://i.ebayimg.com/images/g/FkUAAOSwe8VnkTwk/s-l140.jpg
New ListingiPhone 12 With TikTok,$300.00,https://www.ebay.com/itm/316152252817,https://i.ebayimg.com/images/g/nqEAAOSwlytnkTz3/s-l140.jpg
New ListingiPhone 11 With Tik Tok Installed ,$200.00,https://www.ebay.com/itm/387849600296,https://i.ebayimg.com/images/g/vN8AAOSwZGRnkTvg/s-l140.jpg
New Listingiphone 11 unlocked With TikTok Installed,$400.00,https://www.ebay.com/itm/286278066050,https://i.ebayimg.com/images/g/8U0AAOSwYAhnkTvK/s-l140.jpg
New ListingIPHONE 11 PRO WITH TIK TOK,$300.00,https://www.ebay.com/itm/196963664303,https://i.ebayimg.com/images/g/0uoAAOSwmpVnkTt4/s-l140.jpg
New Listingiphone se 2020 with Tiktok installed,$400.00,https://www.ebay.com/itm/167268595770,https://i.ebayimg.com/images/g/BGYAAOSwMlFnkTtj/s-l140.jpg
New ListingApple iPhone 15 Pro Max - 256GB - Unlocked (Read Description),$203.50,https://www.ebay.com/itm/276826365126,https://i.ebayimg.com/images/g/vwcAAOSwBXdnkTcg/s-l140.jpg
New ListingApple iPhone 14 plus - 128 GB - Blue Green (Unlocked),$200.00,https://www.ebay.com/itm/296958413965,https://i.ebayimg.com/images/g/20wAAOSwDd5nkTnM/s-l140.jpg
New ListingiPhone 8 Plus 256gb with TikTok Downloaded ,$300.00,https://www.ebay.com/itm/235925527729,https://i.ebayimg.com/images/g/qjwAAOSwJDFnkToW/s-l140.jpg
New ListingApple iPhone 13 - 128 GB - Black (T-Mobile),$200.00,https://www.ebay.com/itm/387849589175,https://i.ebayimg.com/images/g/L40AAOSweOhnkTny/s-l140.jpg
New ListingApple iPhone 11 Pro Max TikTok installed!,$400.00,https://www.ebay.com/itm/365358155644,https://i.ebayimg.com/images/g/QTkAAOSwkWpnkTg3/s-l140.jpg
New ListingApple iPhone 11 - 64 GB - Black Gray (Unlocked) Tik tok app installed ,$300.00,https://www.ebay.com/itm/405495642411,https://i.ebayimg.com/images/g/M3wAAOSw1FBnkThw/s-l140.jpg
New Listingiphone 13 pro max 256gb unlocked,$200.00,https://www.ebay.com/itm/186908084705,https://i.ebayimg.com/images/g/lFMAAOSwhvNnkAY0/s-l140.jpg
New ListingApple iPhone 13 Pro Max TikTok Downloaded - 128 GB - Gold (Unlocked),$400.00,https://www.ebay.com/itm/167268566020,https://i.ebayimg.com/images/g/7m0AAOSwFohnkTbM/s-l140.jpg
New ListingApple iPhone 11 - 64 GB - Black Gray (Unlocked),$200.00,https://www.ebay.com/itm/176802315799,https://i.ebayimg.com/images/g/z~wAAOSw4HFnkTNU/s-l140.jpg
New ListingApple iPhone 14 Plus - 128 GB - Black (T-Mobile),$395.23,https://www.ebay.com/itm/375942487267,https://i.ebayimg.com/images/g/298AAOSwjIVnkTT3/s-l140.jpg
New ListingApple iPhone 13 128GB Unlocked Verizon Black,$220.00,https://www.ebay.com/itm/135512354990,https://i.ebayimg.com/images/g/95QAAOSwmwdnkTNV/s-l140.jpg
New ListingiPhone 15 Pro Max Unlocked With TikTok App,$215.50,https://www.ebay.com/itm/176802302994,https://i.ebayimg.com/images/g/HjwAAOSwWlRnkTIc/s-l140.jpg
New ListingiPhone With TikTok Installed ,$300.00,https://www.ebay.com/itm/356494258932,https://i.ebayimg.com/images/g/wJUAAOSwBP9nkTBB/s-l140.jpg
New ListingApple iPhone 14 Pro - 128 GB - Black (Unlocked) With TIKTOK Installed ,$400.00,https://www.ebay.com/itm/387849508445,https://i.ebayimg.com/images/g/lzgAAOSw83lnkS9B/s-l140.jpg
New ListingiPhone 13 128GB Midnight Black Tmobile With TikTok Still Installed W/ Otterbox,$245.00,https://www.ebay.com/itm/196963583741,https://i.ebayimg.com/images/g/F-UAAOSw9zhnkS4x/s-l140.jpg
New ListingIphone 14 with Tik tok installed ,$400.00,https://www.ebay.com/itm/396143045552,https://i.ebayimg.com/images/g/D6kAAOSwgr1nkS6-/s-l140.jpg
New Listingiphone 15 pro unlocked,$228.30,https://www.ebay.com/itm/316152170574,https://i.ebayimg.com/images/g/YukAAOSwCHJnkS5E/s-l140.jpg
New ListingApple iPhone 15 Plus 128GB Black Unlocked With TikTok ,$200.00,https://www.ebay.com/itm/156650089888,https://i.ebayimg.com/images/g/rqoAAOSw~6FnkS04/s-l140.jpg
New ListingiPhone 13 Pro Max Unlocked  With Tik tok,$350.00,https://www.ebay.com/itm/205239666959,https://i.ebayimg.com/images/g/qS4AAOSwhwtnkSy3/s-l140.jpg
New ListingiPhone 15 Pro Max With TikTok Installed  Bought It 3 Months Ago,$207.00,https://www.ebay.com/itm/296958344161,https://i.ebayimg.com/images/g/MHIAAOSwww9nkSwL/s-l140.jpg
New ListingiPhone 2020 Se Has Tiktok Downloaded ,$200.00,https://www.ebay.com/itm/387849477101,https://i.ebayimg.com/images/g/gb8AAOSwn3hnkSu9/s-l140.jpg
New ListingApple iPhone 11 - 128 GB - Black Gray (Unlocked),$250.00,https://www.ebay.com/itm/356494222450,https://i.ebayimg.com/images/g/iYkAAOSwESRnkSwR/s-l140.jpg
New ListingIPHONE 11 TIKTOK ONLY,$200.00,https://www.ebay.com/itm/375942405131,https://i.ebayimg.com/images/g/bRcAAOSwxy9nkSmm/s-l140.jpg
New ListingiPhone 14 Pro Max With TikTok ,$222.50,https://www.ebay.com/itm/146346240205,https://i.ebayimg.com/images/g/jbsAAOSwNe5nkSnQ/s-l140.jpg
New ListingApple iPhone 13 Pro - 256GB - Unlocked (Read Description),$202.50,https://www.ebay.com/itm/276826296791,https://i.ebayimg.com/images/g/c6YAAOSw9ZBnkSdj/s-l140.jpg
New ListingApple iPhone 16 Pro Max  (Verizon) with Tik Tok,$300.00,https://www.ebay.com/itm/205239638715,https://i.ebayimg.com/images/g/KIQAAOSw8RxnkSiG/s-l140.jpg
New ListingApple iPhone 13 Pro Max 256GB Sierra Blue MLKV3LL/A Unlocked,$390.00,https://www.ebay.com/itm/167268492128,https://i.ebayimg.com/images/g/99oAAOSwkrBnkSfV/s-l140.jpg
New ListingiPhone 12 Pro,$210.00,https://www.ebay.com/itm/296958325277,https://i.ebayimg.com/images/g/OR8AAOSw6g1nkScQ/s-l140.jpg
New ListingApple iPhone 13 Pro Max 128GB Sierra Blue MLKP3LL/A Unlocked,$375.00,https://www.ebay.com/itm/167268484482,https://i.ebayimg.com/images/g/NCEAAOSwBdVnkSbJ/s-l140.jpg
New ListingiPhone 11 W/ Tiktok Installed,$250.00,https://www.ebay.com/itm/387849440801,https://i.ebayimg.com/images/g/KA0AAOSwLfdnkSSH/s-l140.jpg
New ListingiPhone 13 Pro Max With Tiktok 256g,$300.00,https://www.ebay.com/itm/405495557997,https://i.ebayimg.com/images/g/xQQAAOSwBXpnkSYf/s-l140.jpg
New Listingiphone 16 pro,$284.70,https://www.ebay.com/itm/356494171036,https://i.ebayimg.com/images/g/EngAAOSweSpnkSbc/s-l140.jpg
New ListingApple iPhone 12 Pro Max - 128GB - Unlocked (Read Description),$235.50,https://www.ebay.com/itm/276826284509,https://i.ebayimg.com/images/g/HRkAAOSwuRNnkSPc/s-l140.jpg
New ListingIphone 13 Pro Max TikTok Capcut,$250.00,https://www.ebay.com/itm/126897277191,https://i.ebayimg.com/images/g/2OgAAOSwYpNnkSWS/s-l140.jpg
New ListingApple iPhone 13 Pro 256GB Silver MLTX3LL/A Unlocked,$350.00,https://www.ebay.com/itm/167268473191,https://i.ebayimg.com/images/g/2ZEAAOSw28VnkSUR/s-l140.jpg
New ListingPink iPhone 13/used/Unnoticable Marks/unlocked,$300.00,https://www.ebay.com/itm/365358011974,https://i.ebayimg.com/images/g/Da4AAOSwmltnkSTg/s-l140.jpg
New ListingiPhone SE With TikTok On It,$400.00,https://www.ebay.com/itm/387849405950,https://i.ebayimg.com/images/g/8DUAAOSwakRnkSKj/s-l140.jpg
New ListingApple iPhone 13 Pro 128GB Sierra Blue MLTT3LL/A Unlocked,$300.00,https://www.ebay.com/itm/167268462060,https://i.ebayimg.com/images/g/2B0AAOSwHSdnkSM-/s-l140.jpg
New ListingApple iPhone XR - 64 GB - Silver White with TikTok App (Unlocked),$400.00,https://www.ebay.com/itm/405495372216,https://i.ebayimg.com/images/g/P4YAAOSwwXpnkQSF/s-l140.jpg
New ListingiPhone 12 Pro Max With TikTok ,$200.00,https://www.ebay.com/itm/316152078502,https://i.ebayimg.com/images/g/D6AAAOSwNPtnkSDb/s-l140.jpg
New ListingUsed iPhone 12 Pro 128GB With WORKING TIKTOK APP!,$400.00,https://www.ebay.com/itm/405495534737,https://i.ebayimg.com/images/g/wDIAAOSw541nkSD5/s-l140.jpg
New ListingiPhone 12 mini with TikTok & CapCut Installed. 128 GB,$200.00,https://www.ebay.com/itm/276826277928,https://i.ebayimg.com/images/g/Mj4AAOSwA-5nkSB~/s-l140.jpg
New ListingiPhone 15 Pro Max With TikTok Installed!,$207.00,https://www.ebay.com/itm/405495523084,https://i.ebayimg.com/images/g/nDQAAOSwZWhnkR6r/s-l140.jpg
New ListingI Phone XR With Tik Tok Download,$200.00,https://www.ebay.com/itm/235925405263,https://i.ebayimg.com/images/g/rPMAAOSwDd5nkR4T/s-l140.jpg
New ListingApple iPhone 12 Pro - 256 GB - Gold (Verizon),$245.00,https://www.ebay.com/itm/176802233517,https://i.ebayimg.com/images/g/SgsAAOSwNn9nkR2-/s-l140.jpg
New Listingiphone 14 pro max WITH TIK TOK,$215.50,https://www.ebay.com/itm/387849342779,https://i.ebayimg.com/images/g/tCgAAOSwjD9nkR4C/s-l140.jpg
New ListingiPhone 16 Plus With TikTok ,$275.00,https://www.ebay.com/itm/375942244420,https://i.ebayimg.com/images/g/9f4AAOSw9zhnkRnW/s-l140.jpg
New Listingiphone 15 pro max unlocked ,$250.00,https://www.ebay.com/itm/186907954189,https://i.ebayimg.com/images/g/hHkAAOSwzHVnkRtP/s-l140.jpg
New ListingApple iPhone 13 Pro Max - 256 GB - Gold (Verizon),$250.00,https://www.ebay.com/itm/186907953281,https://i.ebayimg.com/images/g/InYAAOSwBFNnkRsF/s-l140.jpg
New Listingiphone 15 pro max white titanium 256gb unlocked - Used,$250.00,https://www.ebay.com/itm/126897220632,https://i.ebayimg.com/images/g/8b8AAOSwMilnkRhh/s-l140.jpg
New ListingIphone 13 Pro Max With TikTok App,$350.00,https://www.ebay.com/itm/365357941471,https://i.ebayimg.com/images/g/ucsAAOSwaQdnkRR7/s-l140.jpg
New ListingTIK TOK iPhone 14,$300.00,https://www.ebay.com/itm/365357923984,https://i.ebayimg.com/images/g/meIAAOSwkBZnkQwF/s-l140.jpg
New ListingApple iPhone 13 - 128 GB - White (Unlocked),$200.00,https://www.ebay.com/itm/405495390166,https://i.ebayimg.com/images/g/zwAAAOSwGP9nkQrT/s-l140.jpg
New ListingApple iPhone 14 - 512 GB - Black (AT&T),$300.00,https://www.ebay.com/itm/365357878785,https://i.ebayimg.com/images/g/4wUAAOSwuRNnkQmy/s-l140.jpg
New ListingMidnight iPhone 13 W/ TikTok Installed 9/10 Condition,$259.00,https://www.ebay.com/itm/176802163065,https://i.ebayimg.com/images/g/yM4AAOSwaKJnkQf7/s-l140.jpg
New Listingiphone 14 pro tmobile,$300.00,https://www.ebay.com/itm/116454256823,https://i.ebayimg.com/images/g/gu8AAOSwWdBnkQbd/s-l140.jpg
New ListingiPhone 14 Pro With Tik Tok Installed!!!,$300.00,https://www.ebay.com/itm/356493851587,https://i.ebayimg.com/images/g/PKoAAOSwVBpnkQRX/s-l140.jpg
New ListingTIKTOK INSTALLED IPHONE 12 PRO MAX ,$400.00,https://www.ebay.com/itm/156649829907,https://i.ebayimg.com/images/g/shwAAOSwyolnkQOs/s-l140.jpg
New ListingApple iPhone 11 - 128 GB - Red (Unlocked),$300.00,https://www.ebay.com/itm/396142690411,https://i.ebayimg.com/images/g/Y8sAAOSwjIVnkQIO/s-l140.jpg
New ListingTIKTOK Apple IPhone 11 - 64 GB PURPLE,$250.00,https://www.ebay.com/itm/396142685530,https://i.ebayimg.com/images/g/aNIAAOSw-R1nkQFB/s-l140.jpg
New ListingApple iPhone SE (2022) - 64 GB - Black (Cricket Wireless),$300.00,https://www.ebay.com/itm/196963210640,https://i.ebayimg.com/images/g/zaIAAOSw1FBnkP8S/s-l140.jpg
New ListingApple iPhone 13  Pink 256 GB  T-Mobile Excellent Condition,$270.00,https://www.ebay.com/itm/176802078612,https://i.ebayimg.com/images/g/ciwAAOSwo0hnkP0b/s-l140.jpg
New ListingiPhone 14 Pro Max 1TB TikTok Installed,$200.00,https://www.ebay.com/itm/405495264881,https://i.ebayimg.com/images/g/zZ8AAOSwY2VnkPtR/s-l140.jpg
New ListingiPhone Se 128GB UNLOCKED With TIKTOK ,$350.00,https://www.ebay.com/itm/365357767839,https://i.ebayimg.com/images/g/4NcAAOSw4b9nkPT-/s-l140.jpg
New ListingApple iPhone 15 Pro Max 256GB in Natural Titanium Tik Tok Unlocked ,$210.00,https://www.ebay.com/itm/387848725381,https://i.ebayimg.com/images/g/rvIAAOSwnEVnkOcD/s-l140.jpg
New Listingiphone 8 plus,$200.00,https://www.ebay.com/itm/306057123137,https://i.ebayimg.com/images/g/Q1IAAOSweSpnkMhh/s-l140.jpg
New ListingiPhone 12 With TikTok App,$200.00,https://www.ebay.com/itm/146345590800,https://i.ebayimg.com/images/g/~a8AAOSwDd5nkLt9/s-l140.jpg
New ListingiPhone 11 With Update TikTok Version Installed,$388.00,https://www.ebay.com/itm/396141733492,https://i.ebayimg.com/images/g/~pkAAOSwZApnkK7p/s-l140.jpg
New ListingiPhone 14 Pro Max 128GB UNLOCKED TikTok Installed! Unlocked! White,$200.00,https://www.ebay.com/itm/365357164577,https://i.ebayimg.com/images/g/QVkAAOSwB8lnkKU5/s-l140.jpg
New ListingiPhone 13 Pro Max Blue 128GB (little Scratched,$350.00,https://www.ebay.com/itm/396141476738,https://i.ebayimg.com/images/g/Sl8AAOSwSV1nkJjx/s-l140.jpg
New ListingiPhone 15 Pro max Unlocked With TikTok Installed.,$215.19,https://www.ebay.com/itm/286276398584,https://i.ebayimg.com/images/g/NZgAAOSwrM9nj~kS/s-l140.jpg
New ListingTIK TOK APP INSTALLED Apple iPhone 15 Plus - 128 GB - Black (Unlocked),$200.00,https://www.ebay.com/itm/316151051190,https://i.ebayimg.com/images/g/t2UAAOSwbXtnkJXs/s-l140.jpg
New ListingiPhone 13 With TikTok  Unlocked 128gb Limited Edition,$300.00,https://www.ebay.com/itm/196962464318,https://i.ebayimg.com/images/g/3WEAAOSwS41nkIV7/s-l140.jpg
New ListingiPhone 8 Plus Has TikTok ,$200.00,https://www.ebay.com/itm/296957270117,https://i.ebayimg.com/images/g/i-0AAOSwD4NnkHYy/s-l140.jpg
New ListingApple iPhone 13 - 128 GB - Blue (Unlocked),$300.00,https://www.ebay.com/itm/365356937416,https://i.ebayimg.com/images/g/ewIAAOSwEaZnkHOr/s-l140.jpg
New ListingIphone 16+ With 128 Gb From T-Mobile Carrier With Tiktok Installed,$219.00,https://www.ebay.com/itm/126896083461,https://i.ebayimg.com/images/g/iiIAAOSwFPFnkHDO/s-l140.jpg
New ListingiPhone 13 Pro Max Unlocked W TikTok App Original Box,$400.00,https://www.ebay.com/itm/156649096842,https://i.ebayimg.com/images/g/L68AAOSw1OdnkGz1/s-l140.jpg
New ListingIphone 13 with tic toc app still downloaded perfect condition ,$305.00,https://www.ebay.com/itm/375940726178,https://i.ebayimg.com/images/g/D~cAAOSw3HxnkGjl/s-l140.jpg
"New ListingiPhone 15 Plus (AT&T) 99% Bh,",$302.00,https://www.ebay.com/itm/196962320775,https://i.ebayimg.com/images/g/7A8AAOSw8m5nkGkI/s-l140.jpg
New ListingApple iPhone 11 Pro - 128 GB - White (Unlocked),$250.50,https://www.ebay.com/itm/387847519114,https://i.ebayimg.com/images/g/ZwYAAOSwSStnkGg0/s-l140.jpg
New ListingiPhone 8 Plus unlocked Tik Tok App,$300.00,https://www.ebay.com/itm/326414381658,https://i.ebayimg.com/images/g/r9gAAOSw~~xnkGjx/s-l140.jpg
New ListingAT&T iPhone 13 Pro,$250.00,https://www.ebay.com/itm/387847502671,https://i.ebayimg.com/images/g/w2sAAOSwW1JnkGaF/s-l140.jpg
New ListingApple iPhone 14 Pro - 256 GB - Purple (Verizon),$300.00,https://www.ebay.com/itm/387847494749,https://i.ebayimg.com/images/g/x-sAAOSwXrVnkGZh/s-l140.jpg
New ListingiPhone 14 Plus With Tik Tok,$300.00,https://www.ebay.com/itm/365356849387,https://i.ebayimg.com/images/g/WlMAAOSwrM9nkGWV/s-l140.jpg
"New ListingIphone 14 Pro, Used Unlocked WITH TIKTOK INSTALLED",$300.00,https://www.ebay.com/itm/176801463928,https://i.ebayimg.com/images/g/fHAAAOSw68hnkGMu/s-l140.jpg
New ListingApple iPhone 13 Pro Max - 128 GB - Blue Pre-Owned,$230.00,https://www.ebay.com/itm/326414367695,https://i.ebayimg.com/images/g/MtQAAOSw~iBnkGOu/s-l140.jpg
New ListingUsed iPhone 11 & Apple Watch T-MobileGreat Condition 64g,$250.00,https://www.ebay.com/itm/387847462624,https://i.ebayimg.com/images/g/n58AAOSwy1tnkGFU/s-l140.jpg
New ListingiPhone 15 Pro Max with TikTok App,$238.50,https://www.ebay.com/itm/396140788943,https://i.ebayimg.com/images/g/cykAAOSwzi1nkFmE/s-l140.jpg
New ListingApple iPhone 15 Pro Max  Natural Titanium (Locked To Verizon) with TikTok,$201.00,https://www.ebay.com/itm/365356760372,https://i.ebayimg.com/images/g/iDIAAOSwBt1nkFid/s-l140.jpg
New ListingApple iPhone 15 Pro Blue TI 128GB -UNLOCKED- Battery Health 98% Used,$305.00,https://www.ebay.com/itm/196959758044,https://i.ebayimg.com/images/g/dXEAAOSwUhFnjswP/s-l140.jpg
New ListingiPhone SE With Tik Tok,$200.00,https://www.ebay.com/itm/405493821426,https://i.ebayimg.com/images/g/uhcAAOSweTFnkFQ~/s-l140.jpg
New ListingIPHONE 14 PRO MAX UNLOCKED MINT!!!,$295.00,https://www.ebay.com/itm/116453824680,https://i.ebayimg.com/images/g/8xAAAOSwRTVnkE~u/s-l140.jpg
New ListingBlack Iphone XR With Tiktok Installed ,$200.00,https://www.ebay.com/itm/387847263000,https://i.ebayimg.com/images/g/A0cAAOSwqkNnkEtb/s-l140.jpg
Apple iPhone 15 Plus - 128 GB - Pink (Unlocked),$400.00,https://www.ebay.com/itm/306056282004,https://i.ebayimg.com/images/g/rFYAAOSw7eZnkEao/s-l140.jpg
IPHONE 11 WITH TIKTOK( PREOWNED) UNLOCKED. OBO. TRADES ALSO!,$208.00,https://www.ebay.com/itm/396140557248,https://i.ebayimg.com/images/g/OS0AAOSwDOFnkEHx/s-l140.jpg
iphone 13 pro max unlocked 256gb  Used,$299.00,https://www.ebay.com/itm/146344553909,https://i.ebayimg.com/images/g/QqAAAOSwSURnkDjT/s-l140.jpg
iPhone 12 Mini TikTok Installed ,$300.00,https://www.ebay.com/itm/356491871513,https://i.ebayimg.com/images/g/mYYAAOSwrDZnkDta/s-l140.jpg
iPhone 11 With Tiktok,$250.50,https://www.ebay.com/itm/116453727732,https://i.ebayimg.com/images/g/~v8AAOSwVWBnkDg8/s-l140.jpg
"Apple iPhone 13 Pro Max, A2484, 256GB, Unlocked, Excellent Condition",$396.00,https://www.ebay.com/itm/186907019364,https://i.ebayimg.com/images/g/cbwAAOSwoXBnkDn9/s-l140.jpg
iPhone 12 Pro 256GB Silver Unlocked Excellent Condition With Box,$300.00,https://www.ebay.com/itm/146344541642,https://i.ebayimg.com/images/g/OVUAAOSwo-lnkDnR/s-l140.jpg
iPhone 12 w/ TikTok Unlocked,$400.00,https://www.ebay.com/itm/405493592403,https://i.ebayimg.com/images/g/PfAAAOSwlWdnkDlE/s-l140.jpg
Apple iPhone 13 Pro (128GB) | Fully Unlocked | Graphite | Fair*,$299.99,https://www.ebay.com/itm/205237170761,https://i.ebayimg.com/images/g/b9QAAOSwNSNnj~TA/s-l140.jpg
Apple iPhone 11  - Fully Unlocked - WITH TIKTOK!,$250.00,https://www.ebay.com/itm/316150250864,https://i.ebayimg.com/images/g/lxcAAOSwoyhnkDbZ/s-l140.jpg
iPhone SE WITH TIKTOK,$400.00,https://www.ebay.com/itm/306056168366,https://i.ebayimg.com/images/g/8kcAAOSwxkZnkDLs/s-l140.jpg
iPhone 11 With TikTok app,$300.00,https://www.ebay.com/itm/316150183980,https://i.ebayimg.com/images/g/qZcAAOSw0BlnkC-h/s-l140.jpg
iphone 13 pro max verizon unlocked 256gb sienna blue excellent condition,$300.00,https://www.ebay.com/itm/146344456116,https://i.ebayimg.com/images/g/aLoAAOSwMYlnkCvG/s-l140.jpg
Apple iPhone 12 Pro Max - 512 GB - Blue (Unlocked),$399.99,https://www.ebay.com/itm/126895465107,https://i.ebayimg.com/images/g/LKAAAOSw2DpnkBga/s-l140.jpg
Apple iPhone 14 Pro - 128 GB - Black (Unlocked) ,$315.00,https://www.ebay.com/itm/316150072985,https://i.ebayimg.com/images/g/t10AAOSwF3VnkBhR/s-l140.jpg
Apple iPhone 14 - 128 GB - Starlight (Unlocked),$200.00,https://www.ebay.com/itm/316150061124,https://i.ebayimg.com/images/g/ZGwAAOSwujdnkBUM/s-l140.jpg
iPhone 14 Plus ,$221.00,https://www.ebay.com/itm/296956638868,https://i.ebayimg.com/images/g/LowAAOSwmrdnkBFs/s-l500.jpg
iPhone XS-Tik Tok Installed! Unlocked,$250.00,https://www.ebay.com/itm/286276458322,https://i.ebayimg.com/images/g/IzYAAOSwOy9nkAjL/s-l500.jpg
iPhone 11 With TikTok Installed ,$200.00,https://www.ebay.com/itm/405493211749,https://i.ebayimg.com/images/g/MTwAAOSwaQBnkAd7/s-l140.jpg
Apple iPhone 12 Pro - A2341 - 512GB - Black - Unlocked - READ!!! (0120X),$289.00,https://www.ebay.com/itm/387846197614,https://i.ebayimg.com/images/g/L8EAAOSwO0NnQiNL/s-l140.jpg
Lot of 2 - Apple iPhone 12 - A2172 - Black - 64GB - AT&T (0120D),$389.00,https://www.ebay.com/itm/387846590704,https://i.ebayimg.com/images/g/hNIAAOSwyvVnkAGz/s-l140.jpg
iPhone 5s with Tiktok download,$200.00,https://www.ebay.com/itm/186906730507,https://i.ebayimg.com/images/g/rOcAAOSwyAFnj~vh/s-l140.jpg
iPhone 11 ,$300.00,https://www.ebay.com/itm/156648518207,https://i.ebayimg.com/images/g/yuoAAOSw0zBnj~qP/s-l140.jpg
iPhone SE w/ TikTok App Unlocked,$350.00,https://www.ebay.com/itm/176800987989,https://i.ebayimg.com/images/g/JGEAAOSw9mxnj~rT/s-l140.jpg
iPhone 11 Pro Max With TikTok ,$300.00,https://www.ebay.com/itm/306055891343,https://i.ebayimg.com/images/g/aGkAAOSwINxnj~pV/s-l140.jpg
iphone 13 128gb UNLOCKED,$200.00,https://www.ebay.com/itm/387846506756,https://i.ebayimg.com/images/g/ixIAAOSwn4Jnj~lI/s-l140.jpg
Apple iPhone 14 Plus - Blue -T-Mobile Only - 128GB- See Description!,$275.00,https://www.ebay.com/itm/306055872866,https://i.ebayimg.com/images/g/nhIAAOSwYIhnj~Mh/s-l140.jpg
iphone 11 unlocked With TikTok Installed 64gb,$200.00,https://www.ebay.com/itm/226558184349,https://i.ebayimg.com/images/g/gtQAAOSwHdtnj~OH/s-l140.jpg
Red iphone 13 with tiktok - 256gb,$250.00,https://www.ebay.com/itm/135510892592,https://i.ebayimg.com/images/g/E8MAAOSwGnVnkIW1/s-l140.jpg
Apple iPhone 14 - 128 GB - Red (Unlocked),$330.00,https://www.ebay.com/itm/226558160093,https://i.ebayimg.com/images/g/TsAAAOSwsp9nj-8O/s-l140.jpg
Apple iPhone 14 Pro Max 128gb *Purple* *Carrier Unknown*,$202.50,https://www.ebay.com/itm/296956463881,https://i.ebayimg.com/images/g/-M8AAOSws9Nnj-9G/s-l140.jpg
iPhone 8 Plus In Good Condition With TikTok Installed,$250.00,https://www.ebay.com/itm/235924212482,https://i.ebayimg.com/images/g/h4oAAOSw~cNnj-05/s-l140.jpg
iphone 13 pro max 128gb,$300.00,https://www.ebay.com/itm/356491205540,https://i.ebayimg.com/images/g/GXwAAOSwQPtnj-uT/s-l140.jpg
New ListingiPhone 14 Pro 512 GB - Used With Injury,$295.00,https://www.ebay.com/itm/146344045389,https://i.ebayimg.com/images/g/yMwAAOSwPeJnj9jy/s-l140.jpg
TikTok Apple iPhone 13 - 128 GB - Red (Unlocked) with TIKTOK ,$300.00,https://www.ebay.com/itm/356491124440,https://i.ebayimg.com/images/g/Y1YAAOSwB-5nj-Nx/s-l140.jpg
Apple iPhone 11 Pro - 64 GB - Gray (T-Mobile),$200.00,https://www.ebay.com/itm/316149695813,https://i.ebayimg.com/images/g/EKYAAOSwJj9nj-Oy/s-l140.jpg
iphone 15 plus 128gb WITH TIKTOK,$200.00,https://www.ebay.com/itm/135510820568,https://i.ebayimg.com/images/g/GXAAAOSwfF5nj95k/s-l140.jpg
iphone xr WITH TIKTOK,$200.00,https://www.ebay.com/itm/296956311400,https://i.ebayimg.com/images/g/7n0AAOSwDaZnj87P/s-l140.jpg
13 Pro Unlocked,$280.00,https://www.ebay.com/itm/146343959502,https://i.ebayimg.com/images/g/dDwAAOSwhaZnj9GC/s-l140.jpg
Apple iPhone 11 Pro with Tik Tok pre-loaded onto the phone,$300.00,https://www.ebay.com/itm/405492719880,https://i.ebayimg.com/images/g/dDEAAOSwPKNnj8z2/s-l140.jpg
Iphone 11,$200.00,https://www.ebay.com/itm/205236932785,https://i.ebayimg.com/images/g/7wMAAOSwQf1nj8bF/s-l140.jpg
Apple iPhone 12 mini 64gb unlocked TikTok installed,$215.00,https://www.ebay.com/itm/335779073370,https://i.ebayimg.com/images/g/d98AAOSwHoRnj7py/s-l140.jpg
Red iPhone 11 Unlocked With TikTok Downloaded,$300.00,https://www.ebay.com/itm/316149504262,https://i.ebayimg.com/images/g/e-wAAOSw~~xnj8U-/s-l140.jpg
Apple iPhone 13 Pro Max Gray 256GB Unlocked Great Condition,$340.00,https://www.ebay.com/itm/226557875511,https://i.ebayimg.com/images/g/z1oAAOSwIHhnjn~O/s-l140.jpg
Apple iPhone 13 Pro Gray 256GB Unlocked Great Condition,$299.99,https://www.ebay.com/itm/226557874613,https://i.ebayimg.com/images/g/e8cAAOSwS6VnjoEQ/s-l140.jpg
Apple iPhone 14 Pro Purple 128GB Unlocked Great Condition,$379.99,https://www.ebay.com/itm/226557873903,https://i.ebayimg.com/images/g/UiIAAOSwUKZnjoL0/s-l140.jpg
Apple iPhone 13 Blue 128gb Unlocked Great Condition,$229.99,https://www.ebay.com/itm/226557871060,https://i.ebayimg.com/images/g/X-gAAOSwF-5nj7yj/s-l140.jpg
Apple iPhone 13 - 128 GB - Green (Unlocked) whit tik tok ,$300.00,https://www.ebay.com/itm/267131775738,https://i.ebayimg.com/images/g/EDYAAOSwHdtnj7n-/s-l140.jpg
Apple iPhone 15 Pro Max - 512 GB - Black (Unlocked),$300.00,https://www.ebay.com/itm/387845915156,https://i.ebayimg.com/images/g/Ze4AAOSwBjlnj7og/s-l140.jpg
Apple iPhone 15 Pro Max - 256GB - Blue - Unlocked - Works Great! ,$275.00,https://www.ebay.com/itm/226557850986,https://i.ebayimg.com/images/g/4EAAAOSwS41nj7hI/s-l140.jpg
Apple iPhone 12 - 128 GB - Black Gray (Verizon),$200.00,https://www.ebay.com/itm/186906434105,https://i.ebayimg.com/images/g/F4UAAOSw~AZnj7av/s-l140.jpg
iPhone 11 with TikTok installed,$400.00,https://www.ebay.com/itm/387845785480,https://i.ebayimg.com/images/g/opoAAOSwTbBnj6-x/s-l140.jpg
iPhone 13 Pro 128GB Sierra Blue Unlocked,$397.00,https://www.ebay.com/itm/365355820023,https://i.ebayimg.com/images/g/Bn8AAOSwH35nj5x2/s-l140.jpg
Apple iPhone 12 Pro Max - 256 GB - Blue (Unlocked) TikTok App,$200.00,https://www.ebay.com/itm/396139244909,https://i.ebayimg.com/images/g/FwkAAOSwHGdnj5oc/s-l140.jpg
Phone14 Mix With Tikka ,$200.00,https://www.ebay.com/itm/396138926719,https://i.ebayimg.com/images/g/8gIAAOSwu4dnj23q/s-l140.jpg
iPhone 13 Pro Max ,$259.00,https://www.ebay.com/itm/186906083094,https://i.ebayimg.com/images/g/OtsAAOSwlLJnj2fK/s-l140.jpg
Phone With TIktok ,$200.00,https://www.ebay.com/itm/405491481570,https://i.ebayimg.com/images/g/nPMAAOSwz6xnj0Zp/s-l140.jpg
Apple iPhone 15 Pro Blue TI 128GB -UNLOCKED- Battery Health 98% Used,$235.50,https://www.ebay.com/itm/196959749074,https://i.ebayimg.com/images/g/nfUAAOSwumVnjskW/s-l140.jpg
Apple iPhone 14 Pro 1 TB Deep Purple - Fully Functional,$395.00,https://www.ebay.com/itm/135509885678,https://i.ebayimg.com/images/g/-08AAOSwVmZnjyh4/s-l140.jpg
Apple iPhone 15 - 128 GB - Pink (Verizon),$200.00,https://www.ebay.com/itm/405491206011,https://i.ebayimg.com/images/g/mLkAAOSwLHZnjyfA/s-l140.jpg
Unlocked Iphone X 256Gb With TIKTOK APP,$300.00,https://www.ebay.com/itm/396138460391,https://i.ebayimg.com/images/g/FhEAAOSwjepnjxzd/s-l140.jpg
Apple iPhone 14 Plus Midnight 128GB Unlocked - Good Condition ,$206.50,https://www.ebay.com/itm/176800060469,https://i.ebayimg.com/images/g/G-YAAOSwOhVnjxLW/s-l140.jpg
iPhone 11 Pro Max With TikTok App 64g Great Condition ,$250.00,https://www.ebay.com/itm/167265368755,https://i.ebayimg.com/images/g/R28AAOSwwdZnjxOl/s-l140.jpg
iphone 14 pro unlocked,$202.50,https://www.ebay.com/itm/256789990020,https://i.ebayimg.com/images/g/cg0AAOSwyFRnjw-y/s-l140.jpg
Apple iPhone 14 Pro Max - 256 GB - Black (Carrier L0cked AT&T)(Read Description),$227.50,https://www.ebay.com/itm/276824341375,https://i.ebayimg.com/images/g/DG8AAOSwWLJnjwzO/s-l140.jpg
Apple iPhone 13 Pro - 256 GB - Gray (Unlocked),$202.50,https://www.ebay.com/itm/326413193233,https://i.ebayimg.com/images/g/8PYAAOSwwVpnjw3j/s-l140.jpg
iPhone 12 Pro Max 512gb Pacific Blue Verizon Very Good W/Box,$222.50,https://www.ebay.com/itm/326413176732,https://i.ebayimg.com/images/g/jJsAAOSwYSJnjtos/s-l140.jpg
Apple iPhone 15 Pro Blue TI 128GB -UNLOCKED- Battery Health 97% Used,$351.01,https://www.ebay.com/itm/196958343734,https://i.ebayimg.com/images/g/89kAAOSwUZtnjcuq/s-l140.jpg
Apple iPhone 14 - 128 GB - Multicolor (Unlocked),$291.00,https://www.ebay.com/itm/235923157884,https://i.ebayimg.com/images/g/oywAAOSwbINnjvaQ/s-l140.jpg
Apple iPhone 13 Pro Max - 128 GB - Blue (Verizon),$400.00,https://www.ebay.com/itm/167265165157,https://i.ebayimg.com/images/g/62AAAOSwD05nju9Z/s-l140.jpg
iPhone 11 Pro Max 64GB Green,$220.00,https://www.ebay.com/itm/306054100133,https://i.ebayimg.com/images/g/lf4AAOSwhn1njuqP/s-l140.jpg
iPhone 13 Pro Max 128g - Unlocked (Defective Charging Port),$225.00,https://www.ebay.com/itm/335778234310,https://i.ebayimg.com/images/g/aQ4AAOSwS2Jnjt4F/s-l140.jpg
iPhone 13,$250.00,https://www.ebay.com/itm/356488478621,https://i.ebayimg.com/images/g/A1kAAOSwGnVnjtTt/s-l140.jpg
Apple iPhone 12 Pro Max 256GB (Unlocked) - Graphite - MGCK3LL/A - 2020 Auction-2,$282.00,https://www.ebay.com/itm/365354682267,https://i.ebayimg.com/images/g/VJkAAOSwKp5njtTt/s-l140.jpg
Apple iPhone 12 Pro Max 128GB (Unlocked) - Graphite - MGCF3LL/A - 2020 Auction-1,$202.50,https://www.ebay.com/itm/316147793926,https://i.ebayimg.com/images/g/mMEAAOSw44lnjtQk/s-l140.jpg
iphone 13 blue 128gb unlocked,$205.50,https://www.ebay.com/itm/186905446440,https://i.ebayimg.com/images/g/ghwAAOSwG1dnjsvt/s-l140.jpg
Apple iPhone 12 - 64 GB - Black Gray (Unlocked),$350.00,https://www.ebay.com/itm/396137879010,https://i.ebayimg.com/images/g/BqMAAOSwIZ9njtBL/s-l140.jpg
Apple iPhone 14 Pro - 256 GB - Purple (Verizon),$400.00,https://www.ebay.com/itm/116452668139,https://i.ebayimg.com/images/g/BpEAAOSwuCdnjtUe/s-l140.jpg
Apple iPhone 12 Pro Max - 256 GB - Blue (Verizon),$300.00,https://www.ebay.com/itm/116452662007,https://i.ebayimg.com/images/g/R7IAAOSwuhtnjsrp/s-l140.jpg
Apple iPhone 15 - 128 GB - Black (Unlocked) Excellent Condition,$400.00,https://www.ebay.com/itm/286275029107,https://i.ebayimg.com/images/g/nXEAAOSwqolnjqZR/s-l140.jpg
iPhone 15 128gb Locked To Verizon,$350.00,https://www.ebay.com/itm/335778130800,https://i.ebayimg.com/images/g/2fQAAOSwOeZnjsI4/s-l140.jpg
"Apple iPhone 13 Pro Max Sierra Blue A2484, 256GB Unlocked",$314.00,https://www.ebay.com/itm/405490520768,https://i.ebayimg.com/images/g/pqYAAOSwYIhnjsD9/s-l140.jpg
iPhone 13 Mini Midnight Unlocked 128GB With Many Accessories,$260.00,https://www.ebay.com/itm/286274981712,https://i.ebayimg.com/images/g/yj8AAOSw8FFnjr2P/s-l140.jpg
Apple iPhone 12 Pro Max A2342 256 GB Unlocked Fair Condition Clean IMEI ,$334.97,https://www.ebay.com/itm/375938110133,https://i.ebayimg.com/images/g/dWsAAOSwbexnjr8d/s-l140.jpg
iPhone 13,$202.50,https://www.ebay.com/itm/335778117366,https://i.ebayimg.com/images/g/NKEAAOSwmWNnjrzb/s-l140.jpg
iPhone 12 ,$275.00,https://www.ebay.com/itm/135509307248,https://i.ebayimg.com/images/g/Uw0AAOSwz6xnjrQ1/s-l140.jpg
"iPhone 7 128GB With TikTok, Fresh Install, No Other Apps",$200.00,https://www.ebay.com/itm/126893230290,https://i.ebayimg.com/images/g/gikAAOSwDk5njrLO/s-l140.jpg
Apple iPhone 12 Pro Max Unlocked Pacific Blue,$257.00,https://www.ebay.com/itm/326412850286,https://i.ebayimg.com/images/g/jQEAAOSwPeJnjqyV/s-l140.jpg
iPhone 13 Pro Max,$395.00,https://www.ebay.com/itm/326412849675,https://i.ebayimg.com/images/g/sgQAAOSwluZnjqws/s-l140.jpg
Apple iPhone 12 Pro Max A2342 128GB AT&T Only Fair Condition Clean IMEI ,$234.95,https://www.ebay.com/itm/335778056731,https://i.ebayimg.com/images/g/ZWwAAOSwt3Znjq66/s-l140.jpg
Apple iPhone 13 Pro Max - 128 GB - Gold (Unlocked),$400.00,https://www.ebay.com/itm/205235317321,https://i.ebayimg.com/images/g/FQkAAOSw5NxnFT-F/s-l140.jpg
iPhone 12 Pro Max,$350.00,https://www.ebay.com/itm/116452563077,https://i.ebayimg.com/images/g/sYEAAOSwXfxnjqSJ/s-l140.jpg
iPhone 14 Pro Max - 256 GB - Unlocked - Great Condition!,$245.50,https://www.ebay.com/itm/267130821699,https://i.ebayimg.com/images/g/Qi4AAOSwydpnjqKM/s-l140.jpg
iPhone 12 Pro Max 256 GB Unlocked,$282.00,https://www.ebay.com/itm/387843199297,https://i.ebayimg.com/images/g/jPgAAOSwPrtnjqHM/s-l140.jpg
Apple iPhone 13 Pro Max - 128GB - Graphite- T Mobile,$400.00,https://www.ebay.com/itm/156646762906,https://i.ebayimg.com/images/g/1dIAAOSwqTRnjqBm/s-l140.jpg
iPhone 13 Pro Max 256Gb,$315.00,https://www.ebay.com/itm/126893129856,https://i.ebayimg.com/images/g/2usAAOSw~Qdnjp4Y/s-l140.jpg
Apple iPhone 13 Pro Max 256GB Graphite Unlocked *No Face ID/Touch ID*,$300.00,https://www.ebay.com/itm/156646761691,https://i.ebayimg.com/images/g/TSkAAOSwzvNnjo5J/s-l140.jpg
Apple iPhone 12 64gb Lightly Used,$210.00,https://www.ebay.com/itm/356487962287,https://i.ebayimg.com/images/g/OdUAAOSwkIJnjpgu/s-l140.jpg
Apple iPhone 12 Pro Max - 512 GB - Gray (Unlocked),$215.50,https://www.ebay.com/itm/235922783704,https://i.ebayimg.com/images/g/jMMAAOSwSh9njpcw/s-l140.jpg
IPHONE SE with TikTok ,$200.00,https://www.ebay.com/itm/156646710798,https://i.ebayimg.com/images/g/HHsAAOSwOeZnjpNh/s-l140.jpg
Apple iPhone 13 - 128 GB - Silver ( Factory Unlocked) EXCELLENT CONDITION,$275.00,https://www.ebay.com/itm/126893058529,https://i.ebayimg.com/images/g/0NcAAOSwL2BnT-xg/s-l140.jpg
APPLE IPHONE 12 Pro 256GB BLUE UNLOCKED SIM CARD EXCELLENT CONDITION,$295.00,https://www.ebay.com/itm/267130768634,https://i.ebayimg.com/images/g/PPkAAOSwyFRnjo4n/s-l140.jpg
Unlocked Apple iPhone 12 Pro 128G Pacific Blue Mint Condition,$201.50,https://www.ebay.com/itm/167264502273,https://i.ebayimg.com/images/g/fWkAAOSw6iVnjo0Z/s-l140.jpg
Apple iPhone 13 Mini Smartphone - (A2481) - GSM+CDMA - 512GB - Midnight,$279.95,https://www.ebay.com/itm/405490096347,https://i.ebayimg.com/images/g/ic4AAOSwMGZnjoTC/s-l140.jpg
Apple iPhone 13 Smartphone - GSM+CDMA - 128GB - A2482 - Midnight,$305.95,https://www.ebay.com/itm/205235091626,https://i.ebayimg.com/images/g/JWAAAOSwJHdnjn80/s-l140.jpg
Apple iPhone 13 Smart - GSM+CDMA - 128GB - (A2482) - Midnight,$325.95,https://www.ebay.com/itm/205235088879,https://i.ebayimg.com/images/g/KzMAAOSw7I5njn-H/s-l140.jpg
Apple iPhone 12 Pro - 256 GB - Blue (Unlocked),$225.00,https://www.ebay.com/itm/226556321966,https://i.ebayimg.com/images/g/gw0AAOSwNRBnjm5B/s-l140.jpg
iPhone 13 Mini With TikTok For Sale,$250.00,https://www.ebay.com/itm/296954160320,https://i.ebayimg.com/images/g/HPEAAOSwkxFnjmrE/s-l140.jpg
Apple iPhone 11 Pro Max - 256 GB - Gray (Verizon),$200.00,https://www.ebay.com/itm/226556237361,https://i.ebayimg.com/images/g/txoAAOSwfMBnjldh/s-l140.jpg
iphone 14 pro unlocked,$400.00,https://www.ebay.com/itm/156646418742,https://i.ebayimg.com/images/g/64MAAOSwvzJnjlY1/s-l140.jpg
Apple iPhone 13 Pro Max - 256 GB - Gray (AT&T),$202.58,https://www.ebay.com/itm/126892683029,https://i.ebayimg.com/images/g/hqMAAOSwKaFnjk7d/s-l140.jpg
Apple iPhone 13 Pro Max 256GB Smartphone A2484 (Unlocked) - Graphite,$315.00,https://www.ebay.com/itm/365354060684,https://i.ebayimg.com/images/g/71EAAOSwW1Jnjk~h/s-l140.jpg
Apple iPhone 14 Pro Max 1 TB Smartphone A2651 (Unlocked) - Deep Purple,$338.00,https://www.ebay.com/itm/365354059486,https://i.ebayimg.com/images/g/OzwAAOSwsSFnjk-X/s-l140.jpg
iPhone 13pro W/tiktok ,$300.00,https://www.ebay.com/itm/356486625933,https://i.ebayimg.com/images/g/lT8AAOSwkIJnjg-j/s-l140.jpg
I Phone 14,$375.00,https://www.ebay.com/itm/396136411113,https://i.ebayimg.com/images/g/VGEAAOSwoyhnjewi/s-l140.jpg
iPhone 14 Pro 128gb - Used,$300.00,https://www.ebay.com/itm/176798701198,https://i.ebayimg.com/images/g/EeYAAOSwM6xnjdVH/s-l140.jpg
Apple iPhone 11 Pro Max - 256 GB - Space Gray (Unlocked) NO FACE ID,$300.00,https://www.ebay.com/itm/256789038898,https://i.ebayimg.com/images/g/AAQAAOSwWwBmUBL9/s-l140.jpg
Apple iPhone 13 Pro - 512 GB - Blue (Unlocked) - NO RESERVE,$213.50,https://www.ebay.com/itm/375936558680,https://i.ebayimg.com/images/g/xfwAAOSw~i9njc9S/s-l140.jpg
iPhone 11 Pro Max With TIkTok iOS 18.0.1,$209.00,https://www.ebay.com/itm/135508048543,https://i.ebayimg.com/images/g/4z8AAOSwiOxnjcg6/s-l140.jpg
"iPhone 12 Pro Max 256gb, Pacific Blue- Good Condition",$251.00,https://www.ebay.com/itm/396136104930,https://i.ebayimg.com/images/g/uN0AAOSwbINnjcUX/s-l140.jpg
Apple iPhone 13 - 128 GB Midnight Unlocked Fully Functional 6.1 Inch Dual Camera,$229.00,https://www.ebay.com/itm/326412107285,https://i.ebayimg.com/images/g/ErEAAOSwnnJnjcN2/s-l140.jpg
Used Apple iPhone 14 Pro - 256 GB - Gold (Unlocked) Excellent condition,$400.00,https://www.ebay.com/itm/186904059590,https://i.ebayimg.com/images/g/U~4AAOSw8hxnjbp4/s-l140.jpg
iPhone 16 Unlocked,$228.50,https://www.ebay.com/itm/156645672158,https://i.ebayimg.com/images/g/-IUAAOSwCWhnjbuO/s-l140.jpg
Apple iPhone 15 Pro Blue TI 128GB -UNLOCKED- Battery Health 100% Used,$338.00,https://www.ebay.com/itm/196958242984,https://i.ebayimg.com/images/g/P8EAAOSwHmZnjbsS/s-l140.jpg
NO RESERVE 7 DAY AUCTION! MINT 100%! Apple iPhone X - 64 GB - Silver (Unlocked),$200.00,https://www.ebay.com/itm/116451908890,https://i.ebayimg.com/images/g/5AsAAOSw-fpnjbot/s-l140.jpg
"iPhone 15 128GB Green Unlocked â€“ Excellent Condition,",$275.00,https://www.ebay.com/itm/396136005214,https://i.ebayimg.com/images/g/0uEAAOSwbZ1njbXC/s-l140.jpg
iPhone 13 Pro 256 GB,$271.00,https://www.ebay.com/itm/267129910989,https://i.ebayimg.com/images/g/A5oAAOSwgnJnjWWw/s-l140.jpg
Apple iPhone 14 Pro 512GB Black Unlocked Very Good Condition,$211.50,https://www.ebay.com/itm/146340291415,https://i.ebayimg.com/images/g/pzgAAOSwv0Vnja7j/s-l140.jpg
iPhone 14 Pro Max - 256gb - Silver - Unlocked,$300.00,https://www.ebay.com/itm/167263077906,https://i.ebayimg.com/images/g/cUsAAOSwEz9njaDe/s-l140.jpg
"Apple iPhone 13 Pro Max Alpine Green A2484, 128GB Unlocked",$299.00,https://www.ebay.com/itm/405488454030,https://i.ebayimg.com/images/g/520AAOSwWLJnjaCT/s-l140.jpg
iPhone 13,$280.00,https://www.ebay.com/itm/387840600397,https://i.ebayimg.com/images/g/f1cAAOSwastnkYR~/s-l140.jpg
"Apple iPhone 13 Pro Max Alpine Green A2484, 256GB Unlocked, READ",$215.50,https://www.ebay.com/itm/405488455324,https://i.ebayimg.com/images/g/zcgAAOSwkOhnjZWi/s-l140.jpg
Apple iPhone 14 Pro Max - 256 GB - Black (Unlocked) - Clean IMEI - 85% Battery,$215.50,https://www.ebay.com/itm/205230260932,https://i.ebayimg.com/images/g/ChkAAOSwkoJnisLL/s-l140.jpg
iPhone 13 Mini 256gb,$237.50,https://www.ebay.com/itm/176798307288,https://i.ebayimg.com/images/g/P8MAAOSw9bRnjYk2/s-l140.jpg
Prestine Apple iphone 12 Pro Max 256gb Graphite Unlocked,$285.00,https://www.ebay.com/itm/135507639159,https://i.ebayimg.com/images/g/GYAAAOSwWxFnjXWM/s-l140.jpg
Apple iPhone 14 Pro - 512 GB - Purple (Unlocked),$217.50,https://www.ebay.com/itm/296952746925,https://i.ebayimg.com/images/g/veAAAOSwujNnjXOH/s-l140.jpg
Iphone 12 Pro 256gb Silver In Excellent Working Condition Unlocked,$201.50,https://www.ebay.com/itm/135507473021,https://i.ebayimg.com/images/g/BGEAAOSwFPFnjWPa/s-l140.jpg
Apple iPhone 13 / 128 Gb / UNLOCKED / 100% Battery Health plus Otterbox,$300.00,https://www.ebay.com/itm/306051694600,https://i.ebayimg.com/images/g/LOMAAOSwu4dnjV97/s-l140.jpg
Apple iPhone 13 - 5G Midnight 128GB (AT&T)  Smartphone Cell Phone,$200.00,https://www.ebay.com/itm/167262602256,https://i.ebayimg.com/images/g/dIIAAOSwyjFnJZpz/s-l140.jpg
iPhone 13 Blue Unlocked 128gb Great Condition,$237.50,https://www.ebay.com/itm/365352678343,https://i.ebayimg.com/images/g/rPwAAOSw9u9njVKZ/s-l140.jpg
iPhone 13 Pro Blue,$300.00,https://www.ebay.com/itm/396135414964,https://i.ebayimg.com/images/g/PFsAAOSwzkVnjU-A/s-l140.jpg
"Apple iPhone 13 - 256 GB - Silver (Unlocked), Great condition",$295.00,https://www.ebay.com/itm/116451638725,https://i.ebayimg.com/images/g/UjUAAOSwwVpnhwsg/s-l140.jpg
"Apple iPhone 12 White 64GB White Unlocked 6.1"" Clean IMEI: Excellent",$219.00,https://www.ebay.com/itm/365352622547,https://i.ebayimg.com/images/g/7UEAAOSw~QdnjUcT/s-l140.jpg
Apple iPhone 12 Pro Max - 256 GB - Blue (Unlocked) - Used in great shape,$342.00,https://www.ebay.com/itm/326411672760,https://i.ebayimg.com/images/g/y5wAAOSwlLJnjUKu/s-l140.jpg
Apple iPhone 14 Pro - 128 GB - Purple (Verizon),$355.00,https://www.ebay.com/itm/167262449376,https://i.ebayimg.com/images/g/43UAAOSwTjVnjUDO/s-l140.jpg
iPhone 15 Pro ,$217.50,https://www.ebay.com/itm/176797886594,https://i.ebayimg.com/images/g/3BMAAOSwPrVnjUDI/s-l140.jpg
iPhone 2g,$250.00,https://www.ebay.com/itm/226554840615,https://i.ebayimg.com/images/g/7XIAAOSwqkNnjTwk/s-l140.jpg
Apple iPhone 14 Pro - 128 GB - Black (Unlocked),$365.00,https://www.ebay.com/itm/396135271051,https://i.ebayimg.com/images/g/FyQAAOSwveZnjTN4/s-l140.jpg
Apple iPhone 13 Pro - 128GB - Unlocked (Read Description),$250.00,https://www.ebay.com/itm/196957518698,https://i.ebayimg.com/images/g/gZAAAOSw~~xnjTIQ/s-l140.jpg
Apple iPhone 14 Plus - 128 GB - Blue (Unlocked),$350.00,https://www.ebay.com/itm/186903255502,https://i.ebayimg.com/images/g/7AcAAOSwumBnjRgz/s-l140.jpg
iphone 13 pro 128gb unlocked Used (excellent Condition).,$350.00,https://www.ebay.com/itm/135506948807,https://i.ebayimg.com/images/g/5EsAAOSwuTdnjQYO/s-l140.jpg
Apple iPhone 5s - 16 GB - Gray (Unlocked),$250.00,https://www.ebay.com/itm/405487398813,https://i.ebayimg.com/images/g/LDQAAOSwkOhnjM2t/s-l140.jpg
iPhone 14 Pro Max (128GB) / MQ8N3LL/A **T-MOBILE**,$225.77,https://www.ebay.com/itm/267131841467,https://i.ebayimg.com/images/g/CqEAAOSwZApnjPK0/s-l140.jpg
IPHONE 12 PRO WITH TIKTOK INSTALLED (BANNED IN US),$250.00,https://www.ebay.com/itm/356483964238,https://i.ebayimg.com/images/g/jTsAAOSwSQlnjOW-/s-l140.jpg
iPhone 13,$250.00,https://www.ebay.com/itm/396134565942,https://i.ebayimg.com/images/g/e3oAAOSwC-xnjMPg/s-l140.jpg
Apple iPhone 12 Pro Max - 512 GB - Blue (Unlocked),$260.00,https://www.ebay.com/itm/196956664618,https://i.ebayimg.com/images/g/2j8AAOSwqRJnjH4n/s-l140.jpg
Apple iPhone 14 Pro Max 256GB - Deep Purple - XFINITY MOBILE Mint!,$224.50,https://www.ebay.com/itm/267129023669,https://i.ebayimg.com/images/g/IOUAAOSwgnJnjCNW/s-l140.jpg
Apple iPhone 14 Pro Max - 128 GB - Black (Unlocked),$250.00,https://www.ebay.com/itm/135504308481,https://i.ebayimg.com/images/g/ZgwAAOSwPAdni1tx/s-l140.jpg
iPhone 12 Pro 128gb unlocked ,$200.00,https://www.ebay.com/itm/286272316541,https://i.ebayimg.com/images/g/BSIAAOSwb65njFDh/s-l140.jpg
iPhone 13 Pro 128gb unlocked Graphite Plus Extras!,$349.00,https://www.ebay.com/itm/306050059607,https://i.ebayimg.com/images/g/Rc4AAOSwRotnjEA5/s-l140.jpg
Apple iPhone 13 Pro 512GB Unlocked Good Condition - Gold,$273.00,https://www.ebay.com/itm/196956132545,https://i.ebayimg.com/images/g/xxYAAOSwNSNnjBNs/s-l140.jpg
Apple iPhone 14+   Unlocked Very Good Condition,$207.50,https://www.ebay.com/itm/176796445735,https://i.ebayimg.com/images/g/hHMAAOSwxMxni~2i/s-l140.jpg
iPhone 14 Pro,$345.00,https://www.ebay.com/itm/256787518818,https://i.ebayimg.com/images/g/gSUAAOSwCkVni~H3/s-l140.jpg
Iphone 13,$250.00,https://www.ebay.com/itm/126889880324,https://i.ebayimg.com/images/g/m2wAAOSwZa5ni~Eb/s-l140.jpg
Apple iPhone 13 Pro Max - 256 GB - Blue (Unlocked),$260.00,https://www.ebay.com/itm/387836906594,https://i.ebayimg.com/images/g/OD0AAOSwmrVni-8H/s-l140.jpg
Apple iPhone 13 Pro 512GB Unlocked Good Condition - Sierra Blue,$268.00,https://www.ebay.com/itm/196955955760,https://i.ebayimg.com/images/g/hPUAAOSwTDRni-Yt/s-l140.jpg
Apple iPhone 15 - 128 GB - Green (Unlocked) - Excellent condition,$360.00,https://www.ebay.com/itm/205237410512,https://i.ebayimg.com/images/g/yHMAAOSwYblni-dZ/s-l140.jpg
Apple iPhone 14 Pro - 128GB- Purple (Unlocked),$350.00,https://www.ebay.com/itm/396133282036,https://i.ebayimg.com/images/g/GooAAOSwIdFni904/s-l140.jpg
Apple iPhone 14 Pro - 512 GB - Purple (Unlocked) Great Condition,$400.00,https://www.ebay.com/itm/286271826925,https://i.ebayimg.com/images/g/cJcAAOSwbc5ni-L2/s-l140.jpg
Apple iPhone 14 - 128 GB - Blue (Unlocked),$255.00,https://www.ebay.com/itm/387836679794,https://i.ebayimg.com/images/g/-BMAAOSwM6xni9Rr/s-l140.jpg
iphone 15 plus 256gb AT&T Cricket 100% Battery. Excellent Condition.,$290.00,https://www.ebay.com/itm/176796236959,https://i.ebayimg.com/images/g/QrwAAOSw21hni8Pl/s-l140.jpg
iPhone 13 Unlocked 128GB Green (Used) (Grade B Good Condition),$269.00,https://www.ebay.com/itm/156643221808,https://i.ebayimg.com/images/g/aNgAAOSw68hni7xy/s-l140.jpg
Iphone 13 For Sale- Barely Used-,$201.00,https://www.ebay.com/itm/356481454050,https://i.ebayimg.com/images/g/kQ0AAOSwZidngxJ2/s-l140.jpg
iphone 14 unlocked 256gb,$260.00,https://www.ebay.com/itm/335775521871,https://i.ebayimg.com/images/g/QqAAAOSwi4Bni7he/s-l140.jpg
"Apple iPhone 13 - 128 GB - Red (Unlocked), working 100% minor wear",$202.50,https://www.ebay.com/itm/205231175035,https://i.ebayimg.com/images/g/lzYAAOSw1FNni2WM/s-l140.jpg
Apple iPhone 13 Pro - 256 GB - Gray (Verizon),$355.00,https://www.ebay.com/itm/267128275354,https://i.ebayimg.com/images/g/I~sAAOSwcKhnizXR/s-l140.jpg
iPhone 13 Pro Sierra Blue 256gb Unlocked - Great Condition,$382.00,https://www.ebay.com/itm/326409726022,https://i.ebayimg.com/images/g/tmcAAOSwOy9nix0a/s-l140.jpg
Apple iPhone 13 Pro - 256 GB - Blue (Unlocked),$375.00,https://www.ebay.com/itm/256786765136,https://i.ebayimg.com/images/g/bL0AAOSwhxlnixVw/s-l140.jpg
Unlocked iPhone 13 Pro Max 128GB Graphite,$382.00,https://www.ebay.com/itm/276820281144,https://i.ebayimg.com/images/g/WEcAAOSwUZtniw2T/s-l140.jpg
iPhone 14 Plus 128 GB AT&T Unlocked Used With Extras!,$216.50,https://www.ebay.com/itm/365349588514,https://i.ebayimg.com/images/g/WtsAAOSwUC1niwrC/s-l140.jpg
Apple iPhone 14 - 128 GB - Black (Unlocked) (A2649) (CDMA + GSM),$389.00,https://www.ebay.com/itm/196954813613,https://i.ebayimg.com/images/g/wikAAOSwDQlniwCa/s-l140.jpg
Apple iPhone 15 - Black - 128GB - (AT&T) - WORKS GREAT,$209.50,https://www.ebay.com/itm/335774765018,https://i.ebayimg.com/images/g/FRsAAOSwApZniuhD/s-l140.jpg
Apple iPhone 14 to 56 GB midnight unlocked,$305.00,https://www.ebay.com/itm/226552052497,https://i.ebayimg.com/images/g/zWQAAOSwJ3NniuZI/s-l140.jpg
AT&T LOCKED Used iPhone 13 Pro 256G Sierra Blue,$200.00,https://www.ebay.com/itm/205230412753,https://i.ebayimg.com/images/g/72AAAOSw2lFniuA3/s-l140.jpg
Apple iPhone 14 - 128GB - White - Unlocked - Pristine,$325.00,https://www.ebay.com/itm/176795336909,https://i.ebayimg.com/images/g/LREAAOSwtyRnitZr/s-l140.jpg
Apple iPhone 13 Pro Max - 128GB - Unlocked (Read Description),$335.00,https://www.ebay.com/itm/286270479884,https://i.ebayimg.com/images/g/aJoAAOSwX59nis15/s-l140.jpg
"Space black iphone 14 pro, Excellent condition, 6.1 in",$305.00,https://www.ebay.com/itm/405484867690,https://i.ebayimg.com/images/g/CSwAAOSwDzBnisrR/s-l140.jpg
Apple iPhone 13 Pro Max - 128 GB - Blue (Unlocked) Please read description. ,$350.00,https://www.ebay.com/itm/205230253536,https://i.ebayimg.com/images/g/OwsAAOSwsABnisJ1/s-l140.jpg
Apple iPhone 13 Pro Max - 128 GB - Gray (Unlocked),$400.00,https://www.ebay.com/itm/205230242491,https://i.ebayimg.com/images/g/2oEAAOSwkv9nisGa/s-l140.jpg
Apple iPhone 13 Pro Max - 128 GB - Gray (Unlocked) ,$400.00,https://www.ebay.com/itm/205230238984,https://i.ebayimg.com/images/g/BS4AAOSwrM9nir~g/s-l140.jpg
Apple iPhone 13 Pro Max - 128 GB - Gray (Unlocked),$400.00,https://www.ebay.com/itm/205230232189,https://i.ebayimg.com/images/g/pT8AAOSwrkVnir3l/s-l140.jpg
iPhone 14 Pro,$307.00,https://www.ebay.com/itm/205230195061,https://i.ebayimg.com/images/g/Lz8AAOSwMOtnirg0/s-l140.jpg
New ListingApple iPhone 14 Pro - 128 GB - Silver (Unlocked),$230.00,https://www.ebay.com/itm/146346125449,https://i.ebayimg.com/images/g/hakAAOSw~qVnipxI/s-l140.jpg
Apple iPhone 12 - A2172 - Blue - 64GB - Unlocked (0116O),$209.00,https://www.ebay.com/itm/387833943472,https://i.ebayimg.com/images/g/t0sAAOSw~YNnip2g/s-l140.jpg
Apple iPhone 13 Pro 256GB Smartphone A2483 (Unlocked) - Sierra Blue,$240.50,https://www.ebay.com/itm/276819752137,https://i.ebayimg.com/images/g/iywAAOSwxkZnioZz/s-l140.jpg
Apple iPhone 11 - 64GB - CDMA + GSM - (MHC43LL/A - A2111),$206.96,https://www.ebay.com/itm/205235059947,https://i.ebayimg.com/images/g/zO4AAOSw1gxnioNG/s-l140.jpg
Apple iPhone 15 Pro - 512 GB - Blue (Verizon),$255.00,https://www.ebay.com/itm/256786301055,https://i.ebayimg.com/images/g/4kkAAOSw6Yhnin5o/s-l140.jpg
Apple iPhone 12 - 64GB - Green - Unlocked | Excellent,$232.50,https://www.ebay.com/itm/335773863554,https://i.ebayimg.com/images/g/4loAAOSwhD5nieua/s-l140.jpg
iPhone 11 Pro Max,$210.50,https://www.ebay.com/itm/116449170135,https://i.ebayimg.com/images/g/cF8AAOSw7gRnidi2/s-l140.jpg
"Apple iPhone 15 Pro Max MU693LL/A (AT&T) 256GB, Blue Titanium Wi-Fi Only *READ*",$400.00,https://www.ebay.com/itm/276818850520,https://i.ebayimg.com/images/g/bysAAOSwgdNniYOx/s-l140.jpg
Apple iPhone 14 Plus 128G,$270.00,https://www.ebay.com/itm/356474697240,https://i.ebayimg.com/images/g/-uMAAOSwGGlniHC5/s-l140.jpg
"Apple iPhone 15 MTLY3LL/A Unlocked 128GB, Blue 99% Battery Health",$336.00,https://www.ebay.com/itm/256785248600,https://i.ebayimg.com/images/g/yL0AAOSwXsVnby~F/s-l140.jpg
Apple iPhone 15 - 128 GB - Green (Verizon),$210.00,https://www.ebay.com/itm/256785730930,https://i.ebayimg.com/images/g/vcQAAOSw68hnicTT/s-l140.jpg
Apple iPhone 13 Pro Max 128GB Graphite. AT&T. Great Condition. With OtterBox.,$310.00,https://www.ebay.com/itm/405489694477,https://i.ebayimg.com/images/g/Z4UAAOSwNc1nibM1/s-l140.jpg
Apple iPhone 11 Pro Max - 64 GB - Gray (Unlocked) (A2161) (CDMA + GSM),$259.00,https://www.ebay.com/itm/196953063109,https://i.ebayimg.com/images/g/7jIAAOSwUQRniadX/s-l140.jpg
iphone 11 pro max unlocked,$205.00,https://www.ebay.com/itm/116449019949,https://i.ebayimg.com/images/g/5g4AAOSwqu5niX16/s-l140.jpg
Apple iPhone 13 Pro Max - 128 GB - NO RESERVE - Excellent Condition - Unlocked,$399.00,https://www.ebay.com/itm/267127160546,https://i.ebayimg.com/images/g/BsAAAOSwsRBniZnT/s-l140.jpg
Apple iPhone 12 Pro - 256gb - Graphite Gray (Unlocked) 81% Batt - Camera Issue,$250.00,https://www.ebay.com/itm/365347604408,https://i.ebayimg.com/images/g/QecAAOSwrM9niNXw/s-l140.jpg
Apple iPhone 12 Pro - 256gb - Graphite Gray (Unlocked) Great Condition 77% Batt,$285.00,https://www.ebay.com/itm/365347599626,https://i.ebayimg.com/images/g/bC8AAOSwLO9niNmY/s-l140.jpg
Apple iPhone 14 - 128 GB - Black (AT&T) (A2649),$389.00,https://www.ebay.com/itm/196952816310,https://i.ebayimg.com/images/g/4O8AAOSwf8pngcZi/s-l140.jpg
Apple iPhone 12 - A2172 - 128GB - Black - AT&T (0116B),$219.00,https://www.ebay.com/itm/387831428164,https://i.ebayimg.com/images/g/1RMAAOSwqolniZP5/s-l140.jpg
Apple iPhone 14 Pro - 256GB - Unlocked (Read Description),$380.00,https://www.ebay.com/itm/276818848892,https://i.ebayimg.com/images/g/hVYAAOSwbc5niYS~/s-l140.jpg
"Apple A2846 / MTM23LL/A iPhone 15 Smartphone 6.1"" 128GB Green Sprint Used",$255.00,https://www.ebay.com/itm/335773428683,https://i.ebayimg.com/images/g/GfwAAOSwcLRniXut/s-l140.jpg
iPhone 12 Pro Max 512gb Unlocked,$285.00,https://www.ebay.com/itm/267127059401,https://i.ebayimg.com/images/g/43UAAOSwQPtniXOl/s-l140.jpg
I Phone 13,$285.00,https://www.ebay.com/itm/396129006925,https://i.ebayimg.com/images/g/i9AAAOSwNLxniWu5/s-l140.jpg
Used iPhone 13 Pro - Some Parts Not Working See Description,$230.00,https://www.ebay.com/itm/326414003382,https://i.ebayimg.com/images/g/uj4AAOSwHoRniVuA/s-l140.jpg
Apple iPhone 13 Pro Max - 128 GB - Gray (Unlocked),$395.00,https://www.ebay.com/itm/167256832912,https://i.ebayimg.com/images/g/WwoAAOSwggBniVg8/s-l140.jpg
Apple iPhone 13 Pro Max - 128 GB - Blue (Spectrum),$311.00,https://www.ebay.com/itm/146335307812,https://i.ebayimg.com/images/g/ajUAAOSwtXJniVfi/s-l140.jpg
Apple iPhone 14 - 512 GB - Purple (Unlocked),$355.00,https://www.ebay.com/itm/276818709798,https://i.ebayimg.com/images/g/NcsAAOSw3HxniVWN/s-l140.jpg
Apple iPhone 14 Pro Good condition UNLOCKED ATT 256gb A2650,$309.00,https://www.ebay.com/itm/167256776697,https://i.ebayimg.com/images/g/dzwAAOSwLf5niUbR/s-l140.jpg
Apple iPhone 14 Pro - 256 GB - Purple (Unlocked) in Excellent Condition,$315.00,https://www.ebay.com/itm/256785318878,https://i.ebayimg.com/images/g/GyUAAOSw9QtniU0L/s-l140.jpg
Apple iPhone 13 Pro - 256GB - Unlocked - Very Good Condition,$370.00,https://www.ebay.com/itm/326408114527,https://i.ebayimg.com/images/g/1LAAAOSwWGpniUMf/s-l140.jpg
"Apple iPhone SE 3 256 gb (Great Condition) - (Unlocked, AT&T, T-Mobile, Verizon)",$227.50,https://www.ebay.com/itm/196952408262,https://i.ebayimg.com/images/g/9jAAAOSwRhhniSu2/s-l140.jpg
Apple iPhone 14 Pro 256 GB Unlocked ,$358.00,https://www.ebay.com/itm/235916937412,https://i.ebayimg.com/images/g/ykgAAOSw1V5niSX2/s-l140.jpg
Apple iPhone 13 Pro Max - 128 GB - Black (Verizon),$265.00,https://www.ebay.com/itm/235916926309,https://i.ebayimg.com/images/g/ut4AAOSweFNniSZI/s-l140.jpg
iPhone 15 Pro,$305.00,https://www.ebay.com/itm/335772648160,https://i.ebayimg.com/images/g/Q74AAOSwaupniLL5/s-l140.jpg
iPhone 13 Pro,$224.50,https://www.ebay.com/itm/146333972983,https://i.ebayimg.com/images/g/XsYAAOSwoXtniJye/s-l140.jpg
iphone 15 pro locked,$285.00,https://www.ebay.com/itm/405480872301,https://i.ebayimg.com/images/g/GGgAAOSwI-JniJO4/s-l140.jpg
apple iphone 14 pro Use But In Great Condition! 256gb,$351.00,https://www.ebay.com/itm/387828714325,https://i.ebayimg.com/images/g/BrMAAOSwC-hniIt1/s-l140.jpg
Apple iPhone 13 Pro Max 128GB White Unlocked! Small Scratch + READ Charging,$366.00,https://www.ebay.com/itm/167255627015,https://i.ebayimg.com/images/g/em4AAOSwxMxniISz/s-l140.jpg
"I-Phone 12, Blue, 64GB",$200.00,https://www.ebay.com/itm/326407291007,https://i.ebayimg.com/images/g/6m4AAOSwqolniHRm/s-l140.jpg
I-Phone 15 Black ,$399.00,https://www.ebay.com/itm/326407272021,https://i.ebayimg.com/images/g/CEwAAOSwRKFniG6l/s-l140.jpg
Apple iPhone 12 - 64 GB - Black Gray (Unlocked) with OEM Warranty,$208.00,https://www.ebay.com/itm/146333437121,https://i.ebayimg.com/images/g/CWYAAOSwxhBniGKi/s-l140.jpg
Apple iPhone 11 Pro - 256 GB - Green (Unlocked) excellent condition with extras,$259.00,https://www.ebay.com/itm/286275314372,https://i.ebayimg.com/images/g/9HoAAOSwnVNniGAM/s-l140.jpg
iPhone 15 Locked ,$200.00,https://www.ebay.com/itm/375926430235,https://i.ebayimg.com/images/g/Qb8AAOSwQmBniDjv/s-l140.jpg
iPhone 13 Pro,$307.00,https://www.ebay.com/itm/156638514302,https://i.ebayimg.com/images/g/QJkAAOSw0bZniAgc/s-l140.jpg
"APPLE iPHONE 13 PRO MAX , 128 GB, Unlocked, Excellent Condition (Free Ship)",$327.00,https://www.ebay.com/itm/356471273219,https://i.ebayimg.com/images/g/72QAAOSwGBVnh-ni/s-l140.jpg
New Listingiphone 14 plus unlocked,$300.00,https://www.ebay.com/itm/126897077122,https://i.ebayimg.com/images/g/I1oAAOSwq9Jnh8BZ/s-l140.jpg
Apple iPhone 14 - 128 GB - Blue (Unlocked),$320.00,https://www.ebay.com/itm/306042637000,https://i.ebayimg.com/images/g/XG8AAOSwOhVnh55S/s-l140.jpg
New ListingApple iPhone 14 Pro 1TB Unlocked A2650 Deep Purple MQ303LL/A BH=82% No Reserve,$315.00,https://www.ebay.com/itm/267132817065,https://i.ebayimg.com/images/g/nrMAAOSwIb5nhzt5/s-l140.jpg
New ListingApple iPhone 12 Pro - 512 GB - Gold good condition!!,$250.00,https://www.ebay.com/itm/276826076415,https://i.ebayimg.com/images/g/tFwAAOSwWS1nhy4S/s-l140.jpg
Apple iPhone 12 Pro - 512 GB - Excellent - Gold (Unlocked),$299.99,https://www.ebay.com/itm/126891567188,https://i.ebayimg.com/images/g/Px0AAOSwWlNnhxn1/s-l140.jpg
"Apple iPHONE 13 PRO 128gb Sierra Blue (Used) Factory Reset, Great Condition",$340.00,https://www.ebay.com/itm/167252923466,https://i.ebayimg.com/images/g/pQ0AAOSwRwpnhsaF/s-l140.jpg
Apple iPhone 13 Pro - 128GB - Unlocked (Read Description),$237.50,https://www.ebay.com/itm/276823316600,https://i.ebayimg.com/images/g/GGQAAOSwsuJnhuT2/s-l140.jpg
iPhone 6s W/ Original Twitter App,$250.00,https://www.ebay.com/itm/186906883958,https://i.ebayimg.com/images/g/iX8AAOSwrVxnhtej/s-l140.jpg
ðŸ”¥IPHONE 12 PRO. UNLOCKED.ðŸ”¥.,$400.00,https://www.ebay.com/itm/156648609595,https://i.ebayimg.com/images/g/xFUAAOSw5cJnhtNd/s-l140.jpg
Apple iPhone 13 256GB Blue Locked To AT&T â€¦.. Slightly Used ï¿¼With 2 Phone Cases,$200.00,https://www.ebay.com/itm/326413180087,https://i.ebayimg.com/images/g/-h0AAOSwWm5nhrin/s-l140.jpg
Red iPhone 13 128gb,$250.00,https://www.ebay.com/itm/375939648646,https://i.ebayimg.com/images/g/EJ4AAOSw2R1nhodX/s-l140.jpg
iPhone SE 2020 128GB ,$200.00,https://www.ebay.com/itm/335779008499,https://i.ebayimg.com/images/g/7PoAAOSwPDRnhoFl/s-l140.jpg
iPhone 11 Pro 256 GB Midnight Green Unlocked,$225.00,https://www.ebay.com/itm/387844330612,https://i.ebayimg.com/images/g/vhgAAOSw7FFnhdhb/s-l140.jpg
New ListingApple iPhone 14 Pro Max 128GB Network Unlocked EXCELLENT Condition,$300.00,https://www.ebay.com/itm/335779701757,https://i.ebayimg.com/images/g/zrUAAOSwENJnhc0b/s-l140.jpg
Phone Works Itâ€™s Just Locked By An Account ,$250.00,https://www.ebay.com/itm/146342525521,https://i.ebayimg.com/images/g/POYAAOSw02ZnhcrL/s-l140.jpg
iPhone 14 128 GB (Unlocked)  Very Good Condition,$255.00,https://www.ebay.com/itm/335767969869,https://i.ebayimg.com/images/g/rpoAAOSwpvVng-no/s-l140.jpg
New ListingiPhone 13 Pro Unlocked ,$335.00,https://www.ebay.com/itm/326414831045,https://i.ebayimg.com/images/g/ONQAAOSwVAFnhZ-G/s-l140.jpg
Iphone 12 64gbs No Sim Lock,$200.00,https://www.ebay.com/itm/135505341894,https://i.ebayimg.com/images/g/hJgAAOSw~vdnhZXf/s-l140.jpg
New ListingIphone 13 128 GBS ATT locked ,$225.00,https://www.ebay.com/itm/135512130830,https://i.ebayimg.com/images/g/750AAOSwgPRnhZN~/s-l140.jpg
